datum,weekdag,omzet,aantal_orders,ingeroosterde_uren,benodigde_uren_norm,loonkosten,omzet_per_uur,temp_c,neerslag_mm,zon_index,event
2023-09-01,Friday,6583.7,232,51.9,61.2,871.92,126.85,16.4,0.7,1.0,Kaasmarkt
2023-09-02,Saturday,6182.0,210,53.8,57.4,903.84,114.91,17.3,0.0,1.0,
2023-09-03,Sunday,4099.4,138,36.9,38.1,619.92,111.09,15.3,0.0,0.74,
2023-09-04,Monday,2959.2,102,25.8,27.5,433.44,114.7,13.2,0.0,0.48,
2023-09-05,Tuesday,3068.9,97,26.8,28.5,450.24,114.51,14.5,0.0,0.73,
2023-09-06,Wednesday,2451.9,93,34.7,22.8,582.96,70.66,12.7,0.7,0.23,
2023-09-07,Thursday,4325.4,150,39.3,40.2,660.24,110.06,16.0,0.0,1.0,
2023-09-08,Friday,8249.5,265,49.7,76.7,834.96,165.99,19.9,0.0,1.0,Kaasmarkt
2023-09-09,Saturday,6436.7,213,48.3,59.8,811.44,133.27,14.0,0.0,0.37,
2023-09-10,Sunday,5013.5,163,42.9,46.6,720.72,116.86,13.4,0.0,0.44,
2023-09-11,Monday,2597.3,80,27.7,24.1,465.36,93.77,16.9,0.0,1.0,
2023-09-12,Tuesday,3142.8,102,25.8,29.2,433.44,121.81,16.3,4.0,0.25,
2023-09-13,Wednesday,3992.7,132,31.9,37.1,535.92,125.16,15.4,0.0,0.85,
2023-09-14,Thursday,3327.8,108,34.3,30.9,576.24,97.02,11.9,1.9,0.1,
2023-09-15,Friday,6512.6,214,48.2,60.5,809.76,135.12,14.7,1.7,0.84,Kaasmarkt
2023-09-16,Saturday,4417.0,141,46.0,41.0,772.8,96.02,16.9,0.0,0.67,
2023-09-17,Sunday,3041.1,115,36.1,28.3,606.48,84.24,10.2,0.0,0.51,
2023-09-18,Monday,2471.7,93,25.8,23.0,433.44,95.8,12.9,0.0,0.41,
2023-09-19,Tuesday,1703.5,63,32.0,15.8,537.6,53.23,8.2,0.0,0.24,
2023-09-20,Wednesday,2179.4,82,34.3,20.3,576.24,63.54,10.0,4.7,0.11,
2023-09-21,Thursday,3053.9,98,36.9,28.4,619.92,82.76,8.1,2.9,0.05,
2023-09-22,Friday,5823.3,205,48.6,54.1,816.48,119.82,13.1,0.0,0.35,Kaasmarkt
2023-09-23,Saturday,5166.2,197,50.4,48.0,846.72,102.5,9.7,0.0,0.41,
2023-09-24,Sunday,2741.4,113,38.7,25.5,650.16,70.84,14.5,0.0,0.97,
2023-09-25,Monday,2251.1,74,24.8,20.9,416.64,90.77,14.0,0.0,0.11,
2023-09-26,Tuesday,2535.9,94,33.0,23.6,554.4,76.85,12.7,0.0,0.3,
2023-09-27,Wednesday,2035.5,73,29.7,18.9,498.96,68.54,5.1,0.0,0.41,
2023-09-28,Thursday,2308.9,88,33.1,21.5,556.08,69.76,11.3,11.3,0.0,
2023-09-29,Friday,6369.1,201,49.5,59.2,831.6,128.67,12.8,8.2,0.08,Kaasmarkt
2023-09-30,Saturday,6173.1,196,53.1,57.4,892.08,116.25,13.1,0.0,0.19,
2023-10-01,Sunday,3530.2,133,41.5,32.8,697.2,85.07,7.7,0.0,0.41,
2023-10-02,Monday,1641.2,55,27.1,15.3,455.28,60.56,11.0,0.0,0.26,
2023-10-03,Tuesday,1684.0,80,28.4,15.6,477.12,59.3,9.2,8.1,0.0,
2023-10-04,Wednesday,3477.2,106,31.6,32.3,530.88,110.04,9.6,0.0,0.39,
2023-10-05,Thursday,3017.9,116,37.9,28.0,636.72,79.63,15.5,0.0,1.0,
2023-10-06,Friday,4083.5,152,47.0,37.9,789.6,86.88,9.3,0.0,0.27,
2023-10-07,Saturday,7020.7,248,54.6,65.2,917.28,128.58,11.7,0.0,0.37,
2023-10-08,Sunday,3505.7,125,43.5,32.6,730.8,80.59,14.5,0.0,0.51,
2023-10-09,Monday,2039.0,61,26.8,18.9,450.24,76.08,9.6,9.5,0.0,
2023-10-10,Tuesday,2957.7,88,27.9,27.5,468.72,106.01,11.0,0.0,0.41,
2023-10-11,Wednesday,2572.1,97,34.1,23.9,572.88,75.43,11.5,0.0,0.34,
2023-10-12,Thursday,3112.6,107,36.2,28.9,608.16,85.98,11.3,0.0,0.14,
2023-10-13,Friday,4223.9,146,46.7,39.3,784.56,90.45,7.0,0.0,0.24,
2023-10-14,Saturday,5232.9,185,61.6,48.6,1034.88,84.95,11.0,0.0,0.35,
2023-10-15,Sunday,3592.8,132,42.4,33.4,712.32,84.74,15.0,0.0,1.0,
2023-10-16,Monday,1617.2,60,26.0,15.0,436.8,62.2,5.5,0.0,0.47,
2023-10-17,Tuesday,2105.8,83,27.1,19.6,455.28,77.7,13.1,0.0,0.44,
2023-10-18,Wednesday,2780.6,100,33.6,25.8,564.48,82.76,10.6,3.1,0.0,
2023-10-19,Thursday,3039.2,101,36.1,28.2,606.48,84.19,8.0,0.6,0.3,
2023-10-20,Friday,5234.0,180,49.5,48.6,831.6,105.74,16.3,0.0,1.0,
2023-10-21,Saturday,5101.6,175,50.5,47.4,848.4,101.02,12.2,6.4,0.07,
2023-10-22,Sunday,2890.2,102,43.9,26.9,737.52,65.84,5.7,0.0,0.39,
2023-10-23,Monday,2181.7,72,25.2,20.3,423.36,86.58,9.7,0.0,0.31,
2023-10-24,Tuesday,3230.0,103,25.9,30.0,435.12,124.71,11.1,0.0,0.56,
2023-10-25,Wednesday,3323.0,111,29.5,30.9,495.6,112.64,8.5,2.8,0.38,
2023-10-26,Thursday,3557.9,106,34.3,33.1,576.24,103.73,11.2,0.0,0.33,
2023-10-27,Friday,4074.0,150,45.5,37.9,764.4,89.54,8.7,8.4,0.0,
2023-10-28,Saturday,4775.5,151,54.8,44.4,920.64,87.14,10.9,0.0,0.59,
2023-10-29,Sunday,3208.1,100,39.8,29.8,668.64,80.61,13.2,0.0,0.28,
2023-10-30,Monday,1861.8,82,26.1,17.3,438.48,71.33,6.3,2.6,0.36,Halloween
2023-10-31,Tuesday,2670.5,92,25.8,24.8,433.44,103.51,8.9,6.4,0.26,Halloween
2023-11-01,Wednesday,2889.3,95,31.4,26.9,527.52,92.02,6.7,0.0,0.23,
2023-11-02,Thursday,4079.5,102,40.8,37.9,685.44,99.99,8.4,0.0,0.38,
2023-11-03,Friday,3634.0,137,51.3,33.8,861.84,70.84,4.1,2.5,0.18,
2023-11-04,Saturday,4347.4,143,51.8,40.4,870.24,83.93,5.9,0.0,0.41,
2023-11-05,Sunday,2879.2,116,40.5,26.8,680.4,71.09,7.0,1.1,0.33,
2023-11-06,Monday,2094.7,74,23.1,19.5,388.08,90.68,10.3,0.0,0.58,
2023-11-07,Tuesday,2235.3,77,31.5,20.8,529.2,70.96,11.0,0.0,0.42,
2023-11-08,Wednesday,2878.3,94,32.4,26.7,544.32,88.84,3.0,0.0,0.34,
2023-11-09,Thursday,2274.4,79,37.8,21.1,635.04,60.17,4.5,0.0,0.48,
2023-11-10,Friday,3474.3,123,44.0,32.3,739.2,78.96,9.0,1.8,0.22,
2023-11-11,Saturday,4679.3,167,57.8,43.5,971.04,80.96,0.4,0.0,0.3,
2023-11-12,Sunday,3933.6,132,39.3,36.6,660.24,100.09,5.2,0.0,0.62,
2023-11-13,Monday,1754.1,65,23.9,16.3,401.52,73.39,6.2,0.0,0.24,
2023-11-14,Tuesday,2146.6,72,31.4,19.9,527.52,68.36,10.4,4.1,0.08,
2023-11-15,Wednesday,2486.1,76,31.8,23.1,534.24,78.18,8.5,0.0,0.35,
2023-11-16,Thursday,2865.0,99,40.4,26.6,678.72,70.92,5.1,0.0,0.21,
2023-11-17,Friday,4495.8,137,46.1,41.8,774.48,97.52,4.8,3.2,0.0,
2023-11-18,Saturday,3725.8,120,53.9,34.6,905.52,69.12,5.1,2.2,0.36,
2023-11-19,Sunday,2854.1,115,39.3,26.5,660.24,72.62,10.6,0.0,0.25,
2023-11-20,Monday,2071.9,63,25.3,19.3,425.04,81.89,4.3,3.7,0.09,
2023-11-21,Tuesday,2673.5,74,29.4,24.8,493.92,90.94,4.6,0.0,0.3,
2023-11-22,Wednesday,2567.2,72,29.6,23.9,497.28,86.73,6.5,3.3,0.06,
2023-11-23,Thursday,2331.8,94,40.6,21.7,682.08,57.43,4.9,7.3,0.0,
2023-11-24,Friday,2980.0,105,49.0,27.7,823.2,60.82,4.6,1.9,0.27,
2023-11-25,Saturday,4722.2,165,50.8,43.9,853.44,92.96,1.5,0.0,0.64,
2023-11-26,Sunday,2792.9,102,41.7,26.0,700.56,66.98,4.9,2.9,0.29,
2023-11-27,Monday,1504.3,52,25.6,14.0,430.08,58.76,3.4,0.0,0.43,
2023-11-28,Tuesday,2375.3,83,27.7,22.1,465.36,85.75,8.5,0.0,0.16,
2023-11-29,Wednesday,2651.9,94,29.4,24.6,493.92,90.2,6.7,0.0,0.34,
2023-11-30,Thursday,2552.1,82,35.0,23.7,588.0,72.92,4.5,3.3,0.03,
2023-12-01,Friday,4878.5,162,52.2,45.3,876.96,93.46,6.6,0.8,0.4,
2023-12-02,Saturday,3364.9,117,59.4,31.3,997.92,56.65,3.2,5.3,0.05,
2023-12-03,Sunday,2523.3,105,43.6,23.4,732.48,57.87,7.6,0.0,0.35,
2023-12-04,Monday,1878.9,67,28.4,17.5,477.12,66.16,4.1,0.0,0.33,
2023-12-05,Tuesday,1611.2,59,30.8,15.0,517.44,52.31,5.9,7.7,0.0,
2023-12-06,Wednesday,2871.1,101,36.2,26.7,608.16,79.31,-0.2,0.0,0.16,
2023-12-07,Thursday,3163.4,105,39.3,29.4,660.24,80.49,5.0,0.0,0.41,
2023-12-08,Friday,3890.4,135,50.1,36.2,841.68,77.65,-1.6,0.0,0.17,
2023-12-09,Saturday,4094.2,132,61.8,38.0,1038.24,66.25,-2.8,0.0,0.2,
2023-12-10,Sunday,3603.8,118,44.1,33.5,740.88,81.72,2.6,0.0,0.31,
2023-12-11,Monday,1580.0,58,25.7,14.7,431.76,61.48,0.6,0.0,0.26,
2023-12-12,Tuesday,1651.7,69,26.5,15.3,445.2,62.33,3.9,1.2,0.31,
2023-12-13,Wednesday,3113.0,92,37.4,28.9,628.32,83.24,10.5,0.8,0.43,
2023-12-14,Thursday,3052.1,87,39.6,28.4,665.28,77.07,0.6,0.0,0.37,
2023-12-15,Friday,4025.1,157,56.5,37.4,949.2,71.24,1.2,6.9,0.02,
2023-12-16,Saturday,4126.3,130,53.6,38.3,900.48,76.98,3.8,4.4,0.13,
2023-12-17,Sunday,3564.1,104,40.8,33.1,685.44,87.36,4.6,0.0,0.45,
2023-12-18,Monday,1688.8,63,32.1,15.7,539.28,52.61,2.4,0.0,0.12,
2023-12-19,Tuesday,2266.0,76,31.2,21.1,524.16,72.63,2.2,0.0,0.39,
2023-12-20,Wednesday,3067.7,100,34.3,28.5,576.24,89.44,5.1,0.0,0.23,
2023-12-21,Thursday,3571.2,109,34.3,33.2,576.24,104.12,4.4,2.5,0.07,
2023-12-22,Friday,4254.3,129,55.1,39.5,925.68,77.21,-0.6,0.0,0.34,
2023-12-23,Saturday,4000.8,145,54.4,37.2,913.92,73.54,2.4,0.0,0.3,
2023-12-24,Sunday,0.0,0,0.0,0.0,0.0,,2.7,7.8,0.02,Gesloten
2023-12-25,Monday,2146.2,72,25.9,19.9,435.12,82.86,-0.8,6.6,0.15,Eerste Kerstdag
2023-12-26,Tuesday,2929.6,101,29.6,27.2,497.28,98.97,3.3,0.5,0.03,Tweede Kerstdag
2023-12-27,Wednesday,2658.8,80,35.8,24.7,601.44,74.27,-0.3,0.0,0.33,
2023-12-28,Thursday,2601.7,81,41.6,24.2,698.88,62.54,5.5,1.0,0.53,
2023-12-29,Friday,2803.6,89,49.4,26.1,829.92,56.75,3.0,3.0,0.3,
2023-12-30,Saturday,4261.2,165,59.8,39.6,1004.64,71.26,2.6,0.0,0.52,
2023-12-31,Sunday,2081.8,71,44.7,19.3,750.96,46.57,0.4,0.0,0.36,Oudejaarsavond
2024-01-01,Monday,0.0,0,0.0,0.0,0.0,,1.9,0.0,0.17,Gesloten
2024-01-02,Tuesday,1631.86,53,24.3,15.2,408.24,67.15,-4.2,0.0,0.2,
2024-01-03,Wednesday,2094.31,63,30.3,19.5,509.04,69.12,-1.4,4.4,0.21,
2024-01-04,Thursday,2347.14,67,31.5,21.8,529.2,74.51,3.3,3.0,0.31,
2024-01-05,Friday,2463.97,82,42.1,22.9,707.28,58.53,-4.7,0.0,0.25,
2024-01-06,Saturday,3110.67,103,51.3,28.9,861.84,60.64,4.8,5.9,0.01,
2024-01-07,Sunday,2005.47,73,35.2,18.6,591.36,56.97,-3.5,0.0,0.37,
2024-01-08,Monday,1203.87,44,26.9,11.2,451.92,44.75,4.5,0.0,0.13,
2024-01-09,Tuesday,1396.54,44,23.8,13.0,399.84,58.68,-0.7,0.0,0.3,
2024-01-10,Wednesday,2186.29,63,31.2,20.3,524.16,70.07,4.5,0.0,0.54,
2024-01-11,Thursday,2721.94,76,32.0,25.3,537.6,85.06,2.4,1.7,0.53,
2024-01-12,Friday,2580.05,85,46.7,24.0,784.56,55.25,-2.9,4.4,0.11,
2024-01-13,Saturday,4144.81,113,52.5,38.5,882.0,78.95,6.0,0.0,0.57,
2024-01-14,Sunday,1994.21,63,39.5,18.5,663.6,50.49,6.6,3.1,0.12,
2024-01-15,Monday,1656.04,45,26.7,15.4,448.56,62.02,1.8,0.0,0.24,
2024-01-16,Tuesday,1471.03,51,26.6,13.7,446.88,55.3,1.1,4.8,0.0,
2024-01-17,Wednesday,2021.88,55,31.0,18.8,520.8,65.22,1.5,0.0,0.46,
2024-01-18,Thursday,1570.25,54,31.6,14.6,530.88,49.69,-1.1,8.8,0.0,
2024-01-19,Friday,3593.58,102,49.1,33.4,824.88,73.19,5.5,4.7,0.39,
2024-01-20,Saturday,2721.64,97,51.2,25.3,860.16,53.16,0.3,0.0,0.38,
2024-01-21,Sunday,2427.71,83,35.8,22.6,601.44,67.81,1.9,0.0,0.37,
2024-01-22,Monday,1077.07,43,18.4,10.0,309.12,58.54,-0.5,0.0,0.12,
2024-01-23,Tuesday,1735.11,57,26.7,16.1,448.56,64.99,0.1,0.0,0.53,
2024-01-24,Wednesday,1822.63,56,28.8,16.9,483.84,63.29,-2.0,7.5,0.0,
2024-01-25,Thursday,2014.38,57,33.8,18.7,567.84,59.6,6.1,12.7,0.0,
2024-01-26,Friday,2737.35,95,43.3,25.4,727.44,63.22,1.7,0.0,0.07,
2024-01-27,Saturday,3450.31,108,51.4,32.1,863.52,67.13,5.3,0.0,0.46,
2024-01-28,Sunday,2892.24,81,39.6,26.9,665.28,73.04,2.3,7.9,0.07,
2024-01-29,Monday,1134.72,43,23.8,10.5,399.84,47.68,0.0,0.0,0.27,
2024-01-30,Tuesday,1787.29,51,29.5,16.6,495.6,60.59,1.2,1.8,0.26,
2024-01-31,Wednesday,2507.22,70,28.0,23.3,470.4,89.54,0.5,0.0,0.39,
2024-02-01,Thursday,3026.68,96,35.0,28.1,588.0,86.48,2.4,0.0,0.46,
2024-02-02,Friday,3665.53,124,41.3,34.1,693.84,88.75,1.2,0.0,0.36,
2024-02-03,Saturday,4990.95,144,47.6,46.4,799.68,104.85,1.5,0.0,0.55,
2024-02-04,Sunday,3133.98,94,39.4,29.1,661.92,79.54,-1.9,0.0,0.31,
2024-02-05,Monday,1959.77,57,24.0,18.2,403.2,81.66,-0.0,3.9,0.07,
2024-02-06,Tuesday,2749.8,73,32.5,25.6,546.0,84.61,7.9,0.0,0.29,
2024-02-07,Wednesday,2288.98,77,30.2,21.3,507.36,75.79,0.5,0.0,0.03,
2024-02-08,Thursday,2358.93,79,33.0,21.9,554.4,71.48,-0.7,6.7,0.0,
2024-02-09,Friday,3876.66,112,44.3,36.0,744.24,87.51,3.9,9.0,0.02,
2024-02-10,Saturday,4763.27,177,53.1,44.3,892.08,89.7,7.3,0.0,0.38,
2024-02-11,Sunday,2299.34,87,39.2,21.4,658.56,58.66,-1.8,5.8,0.0,
2024-02-12,Monday,1576.47,51,25.5,14.7,428.4,61.82,2.3,8.0,0.0,
2024-02-13,Tuesday,2327.04,58,25.6,21.6,430.08,90.9,1.0,7.6,0.0,
2024-02-14,Wednesday,2405.86,68,32.0,22.4,537.6,75.18,-2.5,9.8,0.0,
2024-02-15,Thursday,2577.61,88,37.7,24.0,633.36,68.37,5.5,4.2,0.2,
2024-02-16,Friday,3409.65,104,46.8,31.7,786.24,72.86,3.2,0.0,0.43,
2024-02-17,Saturday,3463.47,105,50.3,32.2,845.04,68.86,3.6,0.0,0.25,
2024-02-18,Sunday,3244.71,95,35.1,30.2,589.68,92.44,1.0,4.3,0.24,
2024-02-19,Monday,1426.47,48,24.5,13.3,411.6,58.22,5.0,0.0,0.57,
2024-02-20,Tuesday,2002.28,67,23.9,18.6,401.52,83.78,1.9,0.0,0.29,
2024-02-21,Wednesday,2417.68,79,26.4,22.5,443.52,91.58,3.2,0.1,0.43,
2024-02-22,Thursday,2986.6,96,32.8,27.8,551.04,91.05,0.2,0.0,0.15,
2024-02-23,Friday,4508.76,140,42.6,41.9,715.68,105.84,-0.0,0.0,0.1,
2024-02-24,Saturday,4545.28,145,53.8,42.2,903.84,84.48,8.2,0.0,0.42,
2024-02-25,Sunday,2843.8,91,39.0,26.4,655.2,72.92,2.4,0.0,0.35,
2024-02-26,Monday,1250.44,49,24.7,11.6,414.96,50.63,5.1,5.9,0.07,
2024-02-27,Tuesday,1562.37,61,24.8,14.5,416.64,63.0,4.1,0.0,0.27,
2024-02-28,Wednesday,2686.92,79,32.0,25.0,537.6,83.97,2.9,0.0,0.31,
2024-02-29,Thursday,1999.6,70,35.2,18.6,591.36,56.81,2.8,0.0,0.44,
2024-03-01,Friday,3640.36,127,50.6,33.8,850.08,71.94,6.5,0.0,0.55,
2024-03-02,Saturday,4833.09,136,60.6,44.9,1018.08,79.75,3.7,0.0,0.32,
2024-03-03,Sunday,2920.25,105,42.4,27.1,712.32,68.87,4.3,2.3,0.03,
2024-03-04,Monday,1911.69,57,26.3,17.8,441.84,72.69,4.9,0.0,0.5,
2024-03-05,Tuesday,2486.8,70,25.9,23.1,435.12,96.02,8.7,5.7,0.13,
2024-03-06,Wednesday,2794.22,77,28.1,26.0,472.08,99.44,7.2,0.0,0.43,
2024-03-07,Thursday,2905.71,88,37.0,27.0,621.6,78.53,6.4,0.0,0.37,
2024-03-08,Friday,3212.0,99,52.2,29.8,876.96,61.53,3.5,5.6,0.35,
2024-03-09,Saturday,4358.83,138,49.7,40.5,834.96,87.7,1.0,0.8,0.31,
2024-03-10,Sunday,4410.08,126,33.4,41.0,561.12,132.04,8.6,0.0,0.41,
2024-03-11,Monday,1840.8,63,26.2,17.1,440.16,70.26,8.7,0.0,0.12,
2024-03-12,Tuesday,2117.62,74,29.1,19.7,488.88,72.77,5.3,0.0,0.27,
2024-03-13,Wednesday,2585.76,75,29.7,24.0,498.96,87.06,7.6,2.1,0.15,
2024-03-14,Thursday,3560.27,114,38.6,33.1,648.48,92.23,8.5,0.0,0.34,
2024-03-15,Friday,3621.41,118,53.1,33.7,892.08,68.2,8.8,4.2,0.18,
2024-03-16,Saturday,5732.24,163,50.0,53.3,840.0,114.64,9.2,0.0,0.25,
2024-03-17,Sunday,3166.16,107,38.7,29.4,650.16,81.81,4.9,0.0,0.56,
2024-03-18,Monday,1886.67,58,24.7,17.5,414.96,76.38,11.4,0.0,0.21,
2024-03-19,Tuesday,2685.89,80,27.6,25.0,463.68,97.31,2.7,0.0,0.29,
2024-03-20,Wednesday,2720.48,86,32.2,25.3,540.96,84.49,9.5,5.2,0.11,
2024-03-21,Thursday,2965.9,100,37.4,27.6,628.32,79.3,8.5,0.0,0.19,
2024-03-22,Friday,4662.74,145,44.2,43.3,742.56,105.49,9.8,0.0,0.41,
2024-03-23,Saturday,4689.74,157,51.8,43.6,870.24,90.54,13.2,0.0,0.42,
2024-03-24,Sunday,3511.28,106,43.0,32.6,722.4,81.66,12.1,2.9,0.16,
2024-03-25,Monday,2036.81,64,23.6,18.9,396.48,86.31,3.8,8.3,0.16,
2024-03-26,Tuesday,2019.94,69,23.9,18.8,401.52,84.52,2.2,0.0,0.35,
2024-03-27,Wednesday,2773.07,92,32.1,25.8,539.28,86.39,10.3,0.0,0.38,
2024-03-28,Thursday,2931.6,91,37.5,27.2,630.0,78.18,4.6,0.0,0.23,
2024-03-29,Friday,3223.48,116,44.7,30.0,750.96,72.11,8.0,0.0,0.14,
2024-03-30,Saturday,4015.59,141,61.4,37.3,1031.52,65.4,10.8,5.3,0.0,
2024-03-31,Sunday,3354.1,133,41.6,31.2,698.88,80.63,3.0,0.0,0.3,Eerste Paasdag
2024-04-01,Monday,2040.53,69,25.7,19.0,431.76,79.4,1.7,1.7,0.2,Tweede Paasdag
2024-04-02,Tuesday,2742.67,83,27.8,25.5,467.04,98.66,9.4,0.0,0.44,
2024-04-03,Wednesday,2248.06,65,32.1,20.9,539.28,70.03,8.9,1.1,-0.0,
2024-04-04,Thursday,2409.95,90,37.5,22.4,630.0,64.27,8.1,0.6,0.17,
2024-04-05,Friday,3321.17,119,50.0,30.9,840.0,66.42,9.1,0.0,0.12,Kaasmarkt
2024-04-06,Saturday,3831.09,123,58.3,35.6,979.44,65.71,6.4,0.0,0.51,
2024-04-07,Sunday,2591.6,88,42.5,24.1,714.0,60.98,4.5,0.0,0.27,
2024-04-08,Monday,1590.66,47,26.0,14.8,436.8,61.18,8.9,0.0,0.28,
2024-04-09,Tuesday,1627.67,54,26.9,15.1,451.92,60.51,6.5,0.0,0.21,
2024-04-10,Wednesday,2529.06,79,29.9,23.5,502.32,84.58,4.5,0.0,0.45,
2024-04-11,Thursday,2760.11,102,37.0,25.6,621.6,74.6,11.5,0.0,0.29,
2024-04-12,Friday,3991.8,139,48.8,37.1,819.84,81.8,9.8,7.4,0.0,Kaasmarkt
2024-04-13,Saturday,3919.46,139,53.6,36.4,900.48,73.12,11.5,0.0,0.09,
2024-04-14,Sunday,3999.28,134,35.8,37.2,601.44,111.71,7.2,0.0,0.49,
2024-04-15,Monday,1695.19,62,25.3,15.8,425.04,67.0,8.4,0.0,0.39,
2024-04-16,Tuesday,1811.89,58,30.4,16.8,510.72,59.6,7.4,5.3,0.15,
2024-04-17,Wednesday,3845.72,106,32.7,35.7,549.36,117.61,7.9,0.0,0.5,
2024-04-18,Thursday,3207.88,102,31.5,29.8,529.2,101.84,11.5,4.8,0.08,
2024-04-19,Friday,5003.84,156,42.8,46.5,719.04,116.91,8.5,0.0,0.32,Kaasmarkt
2024-04-20,Saturday,4796.41,173,54.2,44.6,910.56,88.49,12.3,4.7,0.2,
2024-04-21,Sunday,3346.33,122,41.3,31.1,693.84,81.02,12.4,0.0,0.4,
2024-04-22,Monday,2912.91,89,28.5,27.1,478.8,102.21,18.0,0.0,0.81,
2024-04-23,Tuesday,2589.33,75,26.9,24.1,451.92,96.26,7.2,0.0,0.35,
2024-04-24,Wednesday,1985.99,68,35.0,18.5,588.0,56.74,14.6,21.2,0.0,
2024-04-25,Thursday,3856.87,121,31.7,35.8,532.56,121.67,11.6,0.0,0.43,
2024-04-26,Friday,3772.6,146,47.8,35.1,803.04,78.92,12.0,13.8,0.0,Kaasmarkt
2024-04-27,Saturday,6838.62,248,53.4,63.6,897.12,128.06,7.6,0.0,0.34,Koningsdag
2024-04-28,Sunday,3203.4,109,36.2,29.8,608.16,88.49,10.9,0.8,0.53,
2024-04-29,Monday,2850.33,86,26.6,26.5,446.88,107.16,14.9,0.0,0.4,
2024-04-30,Tuesday,2632.71,81,26.2,24.5,440.16,100.49,12.4,0.0,0.32,
2024-05-01,Wednesday,3447.2,100,30.7,32.0,515.76,112.29,13.0,1.9,0.46,
2024-05-02,Thursday,3131.08,105,36.5,29.1,613.2,85.78,12.0,6.5,0.0,
2024-05-03,Friday,5946.53,191,46.4,55.3,779.52,128.16,16.8,5.2,0.12,Kaasmarkt
2024-05-04,Saturday,4102.85,149,56.9,38.1,955.92,72.11,13.1,0.0,0.52,
2024-05-05,Sunday,4194.42,147,42.8,39.0,719.04,98.0,6.3,0.0,0.41,Bevrijdingsdag
2024-05-06,Monday,2103.31,79,29.9,19.5,502.32,70.34,11.3,0.0,0.2,
2024-05-07,Tuesday,2685.02,86,26.0,25.0,436.8,103.27,7.3,0.0,0.44,
2024-05-08,Wednesday,2799.64,96,30.6,26.0,514.08,91.49,3.3,8.0,0.0,
2024-05-09,Thursday,4311.38,152,36.3,40.1,609.84,118.77,12.2,0.0,0.18,Hemelvaartsdag
2024-05-10,Friday,6726.59,248,50.9,62.5,855.12,132.15,18.3,0.0,0.84,Kaasmarkt
2024-05-11,Saturday,5447.52,205,51.8,50.6,870.24,105.16,14.3,6.0,0.43,
2024-05-12,Sunday,3267.58,117,42.5,30.4,714.0,76.88,10.5,0.0,0.21,
2024-05-13,Monday,3370.79,90,23.9,31.3,401.52,141.04,11.4,0.0,0.3,
2024-05-14,Tuesday,3233.21,110,27.9,30.0,468.72,115.89,18.2,6.8,0.23,
2024-05-15,Wednesday,3816.67,124,29.8,35.5,500.64,128.08,15.2,2.0,0.8,
2024-05-16,Thursday,4659.08,161,33.8,43.3,567.84,137.84,14.9,0.0,0.88,
2024-05-17,Friday,6932.83,242,46.7,64.4,784.56,148.45,14.7,0.0,1.0,Kaasmarkt
2024-05-18,Saturday,5065.69,179,47.4,47.1,796.32,106.87,15.2,0.0,0.74,
2024-05-19,Sunday,4886.85,168,43.2,45.4,725.76,113.12,17.7,0.0,0.46,
2024-05-20,Monday,3018.69,116,28.4,28.1,477.12,106.29,17.1,0.0,0.47,Pinksteren
2024-05-21,Tuesday,3704.09,107,31.9,34.4,535.92,116.12,16.1,0.0,0.81,
2024-05-22,Wednesday,3664.76,110,31.8,34.1,534.24,115.24,12.2,0.0,0.53,
2024-05-23,Thursday,3513.3,121,36.3,32.6,609.84,96.79,17.3,17.9,0.26,
2024-05-24,Friday,6749.06,217,45.2,62.7,759.36,149.32,13.6,0.0,0.27,Kaasmarkt
2024-05-25,Saturday,6209.12,207,57.5,57.7,966.0,107.98,19.4,0.0,1.0,
2024-05-26,Sunday,3829.92,137,38.4,35.6,645.12,99.74,11.9,0.0,0.2,
2024-05-27,Monday,3156.48,98,27.0,29.3,453.6,116.91,15.7,0.0,1.0,
2024-05-28,Tuesday,3390.17,95,27.8,31.5,467.04,121.95,16.2,0.0,0.76,
2024-05-29,Wednesday,3286.62,95,31.0,30.5,520.8,106.02,12.1,4.8,0.2,
2024-05-30,Thursday,4219.88,149,38.8,39.2,651.84,108.76,21.9,0.0,1.0,
2024-05-31,Friday,6793.38,235,45.2,63.1,759.36,150.3,21.2,0.0,0.8,Kaasmarkt
2024-06-01,Saturday,6218.45,219,60.9,57.8,1023.12,102.11,15.1,0.0,0.99,
2024-06-02,Sunday,4930.77,175,40.7,45.8,683.76,121.15,19.2,1.2,0.49,
2024-06-03,Monday,3629.96,117,26.9,33.7,451.92,134.94,18.0,0.0,0.86,
2024-06-04,Tuesday,3082.96,100,28.7,28.6,482.16,107.42,8.6,0.0,0.48,
2024-06-05,Wednesday,4152.29,147,36.0,38.6,604.8,115.34,17.8,0.0,1.0,
2024-06-06,Thursday,4978.86,162,35.9,46.3,603.12,138.69,16.9,1.7,1.0,
2024-06-07,Friday,8489.38,283,52.2,78.9,876.96,162.63,17.5,0.0,0.91,Kaasmarkt
2024-06-08,Saturday,5763.53,184,48.0,53.6,806.4,120.07,13.8,0.0,0.22,
2024-06-09,Sunday,4838.2,160,46.7,45.0,784.56,103.6,16.5,6.0,0.92,
2024-06-10,Monday,3760.91,123,26.5,35.0,445.2,141.92,16.9,1.3,0.3,Kermis
2024-06-11,Tuesday,4855.99,154,27.8,45.1,467.04,174.68,21.3,0.0,0.63,Kermis
2024-06-12,Wednesday,5232.16,166,34.7,48.6,582.96,150.78,18.7,2.8,0.86,Kermis
2024-06-13,Thursday,5555.87,181,41.5,51.6,697.2,133.88,17.7,0.0,0.5,Kermis
2024-06-14,Friday,7343.8,263,53.6,68.2,900.48,137.01,22.7,0.0,1.0,Kaasmarkt
2024-06-15,Saturday,5164.64,192,56.7,48.0,952.56,91.09,16.1,0.0,1.0,
2024-06-16,Sunday,5201.28,168,42.3,48.3,710.64,122.96,16.7,0.0,0.71,
2024-06-17,Monday,2665.14,81,22.7,24.8,381.36,117.41,12.2,0.0,0.28,
2024-06-18,Tuesday,4282.71,112,29.8,39.8,500.64,143.72,23.1,5.1,0.21,
2024-06-19,Wednesday,4465.81,142,39.9,41.5,670.32,111.93,21.2,0.0,0.44,
2024-06-20,Thursday,5643.19,174,38.4,52.4,645.12,146.96,21.1,0.0,1.0,
2024-06-21,Friday,8252.56,247,53.6,76.7,900.48,153.97,20.4,0.0,1.0,Kaasmarkt
2024-06-22,Saturday,7128.23,232,56.3,66.2,945.84,126.61,18.7,0.0,1.0,
2024-06-23,Sunday,4709.65,142,46.9,43.8,787.92,100.42,19.1,0.0,0.97,
2024-06-24,Monday,2413.26,74,28.1,22.4,472.08,85.88,17.6,0.0,0.71,
2024-06-25,Tuesday,3017.19,92,30.7,28.0,515.76,98.28,17.8,0.0,1.0,
2024-06-26,Wednesday,5489.7,156,38.2,51.0,641.76,143.71,18.7,0.0,0.42,
2024-06-27,Thursday,3809.46,135,42.7,35.4,717.36,89.21,23.4,0.0,0.89,
2024-06-28,Friday,8346.91,281,50.9,77.6,855.12,163.99,20.4,0.0,1.0,Kaasmarkt
2024-06-29,Saturday,6972.1,242,56.5,64.8,949.2,123.4,18.5,10.6,0.77,
2024-06-30,Sunday,4438.29,153,43.4,41.2,729.12,102.26,16.8,0.0,0.74,
2024-07-01,Monday,3956.34,127,26.6,36.8,446.88,148.73,16.7,0.0,0.78,
2024-07-02,Tuesday,5092.52,175,30.1,47.3,505.68,169.19,23.9,0.0,1.0,
2024-07-03,Wednesday,4542.74,176,35.4,42.2,594.72,128.33,20.4,0.0,1.0,
2024-07-04,Thursday,6979.95,215,38.5,64.9,646.8,181.3,19.1,0.0,0.41,
2024-07-05,Friday,8893.68,296,50.4,82.6,846.72,176.46,17.8,0.0,0.75,Kaasmarkt
2024-07-06,Saturday,7484.63,226,62.9,69.6,1056.72,118.99,15.3,0.0,0.96,
2024-07-07,Sunday,5840.34,189,44.6,54.3,749.28,130.95,18.7,5.7,0.99,
2024-07-08,Monday,2827.62,109,29.3,26.3,492.24,96.51,21.7,0.0,0.62,
2024-07-09,Tuesday,3071.93,106,27.9,28.5,468.72,110.11,17.7,2.9,0.94,
2024-07-10,Wednesday,4048.67,129,31.0,37.6,520.8,130.6,18.2,0.0,0.79,
2024-07-11,Thursday,7218.78,223,38.6,67.1,648.48,187.02,18.3,0.0,1.0,
2024-07-12,Friday,7625.51,243,49.3,70.9,828.24,154.68,19.3,7.6,0.64,Kaasmarkt
2024-07-13,Saturday,6766.37,224,60.8,62.9,1021.44,111.29,13.9,0.0,0.33,
2024-07-14,Sunday,4783.63,172,41.4,44.5,695.52,115.55,18.2,0.0,0.78,
2024-07-15,Monday,3833.31,110,27.4,35.6,460.32,139.9,16.3,0.0,1.0,
2024-07-16,Tuesday,4114.14,135,27.1,38.2,455.28,151.81,21.8,0.0,1.0,
2024-07-17,Wednesday,4288.95,136,35.8,39.9,601.44,119.8,16.5,0.0,0.54,
2024-07-18,Thursday,4756.13,156,36.2,44.2,608.16,131.38,20.8,0.0,0.95,
2024-07-19,Friday,7638.97,257,56.2,71.0,944.16,135.92,23.9,0.0,0.46,Kaasmarkt
2024-07-20,Saturday,6576.92,220,59.0,61.1,991.2,111.47,18.0,3.3,0.48,
2024-07-21,Sunday,5122.35,183,42.2,47.6,708.96,121.38,17.0,0.0,0.48,
2024-07-22,Monday,4775.77,139,26.6,44.4,446.88,179.54,19.6,0.0,0.47,
2024-07-23,Tuesday,5409.26,144,28.3,50.3,475.44,191.14,18.9,0.0,0.67,
2024-07-24,Wednesday,4749.07,174,35.9,44.1,603.12,132.29,15.7,0.0,0.58,
2024-07-25,Thursday,4851.88,183,37.2,45.1,624.96,130.43,20.4,2.5,0.93,
2024-07-26,Friday,9621.57,320,49.7,89.4,834.96,193.59,25.3,0.0,1.0,Kaasmarkt
2024-07-27,Saturday,5941.0,194,55.6,55.2,934.08,106.85,18.0,7.6,0.43,
2024-07-28,Sunday,5511.12,182,41.3,51.2,693.84,133.44,18.2,0.0,0.53,
2024-07-29,Monday,2758.13,83,29.7,25.6,498.96,92.87,15.4,0.0,1.0,
2024-07-30,Tuesday,3546.76,121,29.6,33.0,497.28,119.82,19.8,0.0,0.25,
2024-07-31,Wednesday,5055.89,161,36.3,47.0,609.84,139.28,14.7,0.0,0.27,
2024-08-01,Thursday,4985.36,157,41.7,46.3,700.56,119.55,15.1,4.7,0.88,
2024-08-02,Friday,11096.8,351,49.8,103.1,836.64,222.83,22.7,0.3,1.0,Kaasmarkt
2024-08-03,Saturday,6765.85,216,56.2,62.9,944.16,120.39,15.7,6.9,0.85,
2024-08-04,Sunday,4957.73,170,42.4,46.1,712.32,116.93,22.0,0.0,0.82,
2024-08-05,Monday,3359.91,111,26.9,31.2,451.92,124.9,23.4,0.0,0.49,
2024-08-06,Tuesday,3984.44,123,31.0,37.0,520.8,128.53,19.3,0.0,0.72,
2024-08-07,Wednesday,4887.42,181,34.1,45.4,572.88,143.33,20.1,0.0,1.0,
2024-08-08,Thursday,6373.02,232,34.6,59.2,581.28,184.19,24.6,0.0,0.64,
2024-08-09,Friday,6468.15,250,48.3,60.1,811.44,133.92,17.6,0.0,0.66,Kaasmarkt
2024-08-10,Saturday,5473.8,183,54.1,50.9,908.88,101.18,16.3,13.0,0.0,
2024-08-11,Sunday,4439.78,157,40.0,41.3,672.0,110.99,13.8,0.0,0.2,
2024-08-12,Monday,2815.14,94,30.5,26.2,512.4,92.3,18.2,8.4,0.73,
2024-08-13,Tuesday,3834.57,111,28.9,35.6,485.52,132.68,22.7,5.9,0.73,
2024-08-14,Wednesday,5055.13,155,33.6,47.0,564.48,150.45,21.0,0.0,0.52,
2024-08-15,Thursday,4989.72,158,42.2,46.4,708.96,118.24,14.8,0.0,0.54,
2024-08-16,Friday,8256.17,240,55.4,76.7,930.72,149.03,15.0,6.6,0.38,Kaasmarkt
2024-08-17,Saturday,6751.8,212,59.2,62.7,994.56,114.05,16.1,1.4,0.99,
2024-08-18,Sunday,5062.51,178,45.0,47.0,756.0,112.5,18.6,0.0,0.52,
2024-08-19,Monday,2303.98,87,30.5,21.4,512.4,75.54,16.9,0.0,0.83,
2024-08-20,Tuesday,2686.48,106,29.2,25.0,490.56,92.0,18.1,7.6,0.0,
2024-08-21,Wednesday,3661.69,116,33.8,34.0,567.84,108.33,18.3,0.0,0.49,
2024-08-22,Thursday,4067.09,138,35.1,37.8,589.68,115.87,16.3,2.4,0.9,
2024-08-23,Friday,7238.78,237,48.5,67.3,814.8,149.25,17.1,0.0,1.0,Kaasmarkt
2024-08-24,Saturday,6478.72,206,61.8,60.2,1038.24,104.83,17.8,0.0,0.52,
2024-08-25,Sunday,4177.47,140,40.7,38.8,683.76,102.64,16.7,0.0,0.64,
2024-08-26,Monday,2215.23,81,26.3,20.6,441.84,84.23,18.5,0.0,1.0,
2024-08-27,Tuesday,4601.41,149,33.5,42.8,562.8,137.36,22.8,0.0,0.76,
2024-08-28,Wednesday,4433.28,137,35.9,41.2,603.12,123.49,18.6,0.0,0.71,
2024-08-29,Thursday,4385.83,152,37.2,40.8,624.96,117.9,16.8,0.0,1.0,
2024-08-30,Friday,6753.04,245,53.2,62.8,893.76,126.94,11.1,3.1,0.21,Kaasmarkt
2024-08-31,Saturday,6205.09,225,65.8,57.7,1105.44,94.3,17.7,0.0,1.0,
2024-09-01,Sunday,4586.94,139,45.2,42.6,759.36,101.48,10.1,1.1,0.39,
2024-09-02,Monday,1858.53,69,26.9,17.3,451.92,69.09,11.7,8.3,0.0,
2024-09-03,Tuesday,4467.68,124,25.6,41.5,430.08,174.52,18.8,2.7,0.71,
2024-09-04,Wednesday,4160.1,138,32.0,38.7,537.6,130.0,18.2,0.8,0.83,
2024-09-05,Thursday,5011.63,139,36.4,46.6,611.52,137.68,15.4,0.0,0.46,
2024-09-06,Friday,5752.28,189,44.8,53.5,752.64,128.4,10.3,0.0,0.22,Kaasmarkt
2024-09-07,Saturday,6816.22,218,45.8,63.3,769.44,148.83,14.5,0.0,1.0,
2024-09-08,Sunday,4483.9,156,38.2,41.7,641.76,117.38,13.4,0.0,0.15,
2024-09-09,Monday,2198.86,75,25.2,20.4,423.36,87.26,17.4,0.0,1.0,
2024-09-10,Tuesday,3569.18,118,29.2,33.2,490.56,122.23,22.5,0.0,0.98,
2024-09-11,Wednesday,3510.65,118,27.6,32.6,463.68,127.2,15.9,0.0,0.84,
2024-09-12,Thursday,3708.17,117,32.2,34.5,540.96,115.16,12.5,1.1,0.36,
2024-09-13,Friday,4105.55,159,51.1,38.2,858.48,80.34,11.2,0.0,0.4,Kaasmarkt
2024-09-14,Saturday,7744.04,227,52.0,72.0,873.6,148.92,14.6,0.0,1.0,
2024-09-15,Sunday,3722.7,125,43.3,34.6,727.44,85.97,14.1,3.1,0.6,
2024-09-16,Monday,2058.86,69,23.2,19.1,389.76,88.74,10.9,3.7,0.13,
2024-09-17,Tuesday,3077.44,95,30.7,28.6,515.76,100.24,14.8,0.0,0.81,
2024-09-18,Wednesday,2929.0,88,34.3,27.2,576.24,85.39,10.6,0.0,0.58,
2024-09-19,Thursday,4433.12,136,29.7,41.2,498.96,149.26,17.7,0.0,1.0,
2024-09-20,Friday,5473.62,184,45.6,50.9,766.08,120.04,17.4,0.0,0.59,Kaasmarkt
2024-09-21,Saturday,5395.42,181,52.9,50.1,888.72,101.99,17.4,2.9,0.64,
2024-09-22,Sunday,3984.98,125,39.7,37.0,666.96,100.38,12.2,0.3,0.24,
2024-09-23,Monday,2952.99,86,25.1,27.4,421.68,117.65,15.3,1.0,0.84,
2024-09-24,Tuesday,2628.35,89,27.9,24.4,468.72,94.21,13.0,1.8,0.28,
2024-09-25,Wednesday,3098.77,107,29.6,28.8,497.28,104.69,12.1,0.0,0.63,
2024-09-26,Thursday,4592.36,147,40.4,42.7,678.72,113.67,12.1,0.0,0.12,
2024-09-27,Friday,5624.28,194,52.3,52.3,878.64,107.54,8.9,0.0,0.47,Kaasmarkt
2024-09-28,Saturday,3528.66,128,57.6,32.8,967.68,61.26,8.3,5.2,0.14,
2024-09-29,Sunday,3332.47,119,40.8,31.0,685.44,81.68,15.3,6.2,0.36,
2024-09-30,Monday,2148.24,70,27.1,20.0,455.28,79.27,12.0,0.0,0.33,
2024-10-01,Tuesday,2829.58,92,28.2,26.3,473.76,100.34,13.2,0.0,0.28,
2024-10-02,Wednesday,3853.36,107,29.2,35.8,490.56,131.96,15.6,0.0,0.9,
2024-10-03,Thursday,3650.41,107,34.7,33.9,582.96,105.2,6.7,0.0,0.47,
2024-10-04,Friday,5598.52,196,48.4,52.0,813.12,115.67,9.6,0.0,0.16,
2024-10-05,Saturday,6357.19,188,53.7,59.1,902.16,118.38,12.5,0.0,0.51,
2024-10-06,Sunday,4299.71,129,42.9,40.0,720.72,100.23,13.0,0.0,0.3,
2024-10-07,Monday,2568.07,75,24.2,23.9,406.56,106.12,10.4,2.7,0.39,
2024-10-08,Tuesday,2614.49,90,28.0,24.3,470.4,93.37,14.8,4.8,0.78,
2024-10-09,Wednesday,3975.08,124,24.9,36.9,418.32,159.64,12.0,3.0,0.35,
2024-10-10,Thursday,3415.35,117,36.7,31.7,616.56,93.06,7.3,6.2,0.1,
2024-10-11,Friday,5446.6,181,45.5,50.6,764.4,119.71,8.1,0.0,0.48,
2024-10-12,Saturday,3747.84,128,44.2,34.8,742.56,84.79,13.5,0.0,0.35,
2024-10-13,Sunday,3751.36,135,40.2,34.9,675.36,93.32,12.2,0.0,0.24,
2024-10-14,Monday,2820.05,82,26.5,26.2,445.2,106.42,4.5,0.7,0.39,
2024-10-15,Tuesday,3151.54,116,29.2,29.3,490.56,107.93,14.8,0.0,1.0,
2024-10-16,Wednesday,2915.37,106,29.7,27.1,498.96,98.16,12.2,0.0,0.6,
2024-10-17,Thursday,2747.6,97,37.6,25.5,631.68,73.07,14.5,0.0,0.26,
2024-10-18,Friday,4855.14,165,51.1,45.1,858.48,95.01,8.8,1.1,0.27,
2024-10-19,Saturday,5474.02,162,52.5,50.9,882.0,104.27,8.9,0.0,0.48,
2024-10-20,Sunday,2190.23,99,37.0,20.4,621.6,59.2,6.1,0.0,0.19,
2024-10-21,Monday,2154.93,74,24.3,20.0,408.24,88.68,17.7,0.0,0.82,
2024-10-22,Tuesday,3396.94,97,28.2,31.6,473.76,120.46,8.9,0.0,0.61,
2024-10-23,Wednesday,4025.16,120,30.7,37.4,515.76,131.11,14.4,4.1,1.0,
2024-10-24,Thursday,4038.63,119,37.2,37.5,624.96,108.57,7.1,0.0,0.24,
2024-10-25,Friday,4217.56,136,49.1,39.2,824.88,85.9,9.5,0.0,0.52,
2024-10-26,Saturday,6946.87,218,51.8,64.6,870.24,134.11,3.5,0.0,0.49,
2024-10-27,Sunday,2803.68,106,41.8,26.1,702.24,67.07,7.5,0.0,0.44,
2024-10-28,Monday,1986.12,68,27.6,18.5,463.68,71.96,11.7,10.7,0.0,
2024-10-29,Tuesday,1770.65,65,29.7,16.5,498.96,59.62,4.4,7.6,-0.0,
2024-10-30,Wednesday,4414.81,133,30.8,41.0,517.44,143.34,11.7,3.9,0.04,Halloween
2024-10-31,Thursday,3978.0,130,34.7,37.0,582.96,114.64,9.2,6.8,0.0,Halloween
2024-11-01,Friday,5174.96,159,45.1,48.1,757.68,114.74,4.7,1.0,0.39,
2024-11-02,Saturday,4485.02,164,54.6,41.7,917.28,82.14,6.3,0.0,0.36,
2024-11-03,Sunday,3420.81,114,39.4,31.8,661.92,86.82,6.3,4.4,0.35,
2024-11-04,Monday,2352.05,69,24.9,21.9,418.32,94.46,7.4,2.5,0.18,
2024-11-05,Tuesday,1844.56,63,29.5,17.1,495.6,62.53,5.7,0.0,0.05,
2024-11-06,Wednesday,3026.16,101,33.8,28.1,567.84,89.53,4.7,3.3,0.14,
2024-11-07,Thursday,4133.27,115,37.2,38.4,624.96,111.11,6.2,1.1,0.33,
2024-11-08,Friday,4077.47,134,49.3,37.9,828.24,82.71,3.8,0.0,0.39,
2024-11-09,Saturday,5084.85,154,52.3,47.3,878.64,97.22,2.8,0.0,0.35,
2024-11-10,Sunday,3512.68,118,35.7,32.6,599.76,98.39,6.6,0.0,0.25,
2024-11-11,Monday,2560.96,80,27.7,23.8,465.36,92.45,9.5,4.7,0.29,
2024-11-12,Tuesday,2677.13,79,26.2,24.9,440.16,102.18,1.6,0.0,0.27,
2024-11-13,Wednesday,2311.81,84,27.8,21.5,467.04,83.16,6.4,15.6,0.0,
2024-11-14,Thursday,2913.35,94,38.9,27.1,653.52,74.89,4.2,0.0,0.31,
2024-11-15,Friday,3338.38,113,52.4,31.0,880.32,63.71,3.0,0.0,0.2,
2024-11-16,Saturday,3979.45,134,58.1,37.0,976.08,68.49,8.8,16.7,0.0,
2024-11-17,Sunday,2900.72,101,37.1,27.0,623.28,78.19,4.2,16.0,0.0,
2024-11-18,Monday,2358.95,66,26.6,21.9,446.88,88.68,10.6,0.0,0.24,
2024-11-19,Tuesday,2878.52,72,26.0,26.8,436.8,110.71,3.2,6.4,0.08,
2024-11-20,Wednesday,3300.27,98,30.5,30.7,512.4,108.21,6.8,0.0,0.3,
2024-11-21,Thursday,2984.64,104,38.0,27.7,638.4,78.54,4.7,0.0,0.44,
2024-11-22,Friday,3906.98,137,49.7,36.3,834.96,78.61,2.9,0.0,0.33,
2024-11-23,Saturday,5324.01,164,53.0,49.5,890.4,100.45,7.1,0.0,0.29,
2024-11-24,Sunday,3410.15,111,44.0,31.7,739.2,77.5,4.6,0.0,0.61,
2024-11-25,Monday,1670.17,64,24.4,15.5,409.92,68.45,6.9,0.0,0.32,
2024-11-26,Tuesday,2673.23,78,27.7,24.8,465.36,96.51,4.7,0.0,0.33,
2024-11-27,Wednesday,2256.97,67,33.2,21.0,557.76,67.98,1.3,3.8,0.02,
2024-11-28,Thursday,3187.62,111,35.3,29.6,593.04,90.3,4.3,0.0,0.26,
2024-11-29,Friday,2946.86,108,53.3,27.4,895.44,55.29,4.7,8.3,0.01,
2024-11-30,Saturday,4901.0,165,53.4,45.5,897.12,91.78,7.5,0.0,0.42,
2024-12-01,Sunday,2353.99,103,45.1,21.9,757.68,52.19,1.4,0.0,0.35,
2024-12-02,Monday,2260.06,68,25.1,21.0,421.68,90.04,4.1,5.7,0.0,
2024-12-03,Tuesday,1622.33,63,29.2,15.1,490.56,55.56,-1.4,14.7,0.0,
2024-12-04,Wednesday,2533.56,71,33.2,23.5,557.76,76.31,6.1,14.6,0.0,
2024-12-05,Thursday,4096.96,122,41.4,38.1,695.52,98.96,0.5,0.0,0.31,
2024-12-06,Friday,4032.54,148,49.7,37.5,834.96,81.14,-1.9,0.0,0.32,
2024-12-07,Saturday,5481.36,170,58.7,50.9,986.16,93.38,3.6,0.0,0.24,
2024-12-08,Sunday,3751.49,126,41.3,34.9,693.84,90.84,7.2,0.0,0.37,
2024-12-09,Monday,2462.86,77,30.5,22.9,512.4,80.75,-1.3,0.0,0.27,
2024-12-10,Tuesday,2504.55,88,31.8,23.3,534.24,78.76,0.0,0.0,0.25,
2024-12-11,Wednesday,3111.7,99,32.7,28.9,549.36,95.16,1.0,0.8,0.53,
2024-12-12,Thursday,2567.94,85,46.8,23.9,786.24,54.87,-0.3,6.7,0.1,
2024-12-13,Friday,4076.41,141,52.6,37.9,883.68,77.5,4.5,2.5,0.37,
2024-12-14,Saturday,4721.5,164,59.8,43.9,1004.64,78.95,0.6,0.0,0.35,
2024-12-15,Sunday,4626.15,143,46.0,43.0,772.8,100.57,0.8,1.9,0.37,
2024-12-16,Monday,2198.09,72,24.0,20.4,403.2,91.59,4.9,4.6,0.21,
2024-12-17,Tuesday,2470.91,79,31.9,23.0,535.92,77.46,0.6,0.9,0.45,
2024-12-18,Wednesday,3500.91,110,32.5,32.5,546.0,107.72,4.3,2.9,0.49,
2024-12-19,Thursday,2964.47,103,41.6,27.5,698.88,71.26,-0.3,0.0,0.32,
2024-12-20,Friday,4006.17,138,51.5,37.2,865.2,77.79,-1.1,3.1,0.23,
2024-12-21,Saturday,5110.05,154,51.9,47.5,871.92,98.46,-3.2,2.9,0.2,
2024-12-22,Sunday,3601.38,102,43.7,33.5,734.16,82.41,8.6,0.0,0.0,
2024-12-23,Monday,2464.65,76,27.6,22.9,463.68,89.3,1.6,0.0,0.18,
2024-12-24,Tuesday,0.0,0,0.0,0.0,0.0,,3.3,0.0,0.35,Gesloten
2024-12-25,Wednesday,3724.97,118,31.0,34.6,520.8,120.16,2.4,0.0,0.43,Eerste Kerstdag
2024-12-26,Thursday,3235.05,121,40.4,30.1,678.72,80.08,3.0,5.1,0.02,Tweede Kerstdag
2024-12-27,Friday,3679.25,107,50.2,34.2,843.36,73.29,2.6,0.0,0.49,
2024-12-28,Saturday,4588.12,146,57.7,42.6,969.36,79.52,8.5,0.0,0.51,
2024-12-29,Sunday,2806.34,112,43.0,26.1,722.4,65.26,-1.0,0.0,0.3,
2024-12-30,Monday,1399.16,50,28.3,13.0,475.44,49.44,-2.7,6.0,0.22,
2024-12-31,Tuesday,1060.02,40,30.7,9.9,515.76,34.53,-1.0,4.0,0.36,Oudejaarsavond
2025-01-01,Wednesday,0.0,0,0.0,0.0,0.0,,-2.0,2.8,0.27,Gesloten
2025-01-02,Thursday,2106.09,80,38.9,19.6,653.52,54.14,4.6,1.3,0.16,
2025-01-03,Friday,2775.27,86,45.3,25.8,761.04,61.26,4.8,5.5,0.25,
2025-01-04,Saturday,3178.05,85,60.0,29.5,1008.0,52.97,-0.9,4.0,0.13,
2025-01-05,Sunday,2232.7,72,37.5,20.7,630.0,59.54,-2.3,10.2,0.0,
2025-01-06,Monday,1269.69,45,21.8,11.8,366.24,58.24,1.0,2.1,0.26,
2025-01-07,Tuesday,1873.01,56,30.0,17.4,504.0,62.43,6.5,4.3,0.07,
2025-01-08,Wednesday,1769.93,57,28.8,16.4,483.84,61.46,-7.0,5.6,0.2,
2025-01-09,Thursday,2698.23,78,30.9,25.1,519.12,87.32,3.7,2.4,0.33,
2025-01-10,Friday,3489.95,98,43.6,32.4,732.48,80.04,-1.4,0.0,0.5,
2025-01-11,Saturday,3860.21,110,54.8,35.9,920.64,70.44,5.3,0.0,0.42,
2025-01-12,Sunday,2662.0,74,37.3,24.7,626.64,71.37,-1.4,5.4,0.0,
2025-01-13,Monday,1979.44,52,23.7,18.4,398.16,83.52,1.1,0.0,0.33,
2025-01-14,Tuesday,1691.44,62,27.1,15.7,455.28,62.41,-2.8,0.0,0.46,
2025-01-15,Wednesday,2519.18,72,29.6,23.4,497.28,85.11,-1.1,0.7,0.27,
2025-01-16,Thursday,2937.7,85,29.5,27.3,495.6,99.58,6.4,0.0,0.71,
2025-01-17,Friday,2158.13,72,43.4,20.1,729.12,49.73,4.6,0.0,0.32,
2025-01-18,Saturday,3054.25,101,44.8,28.4,752.64,68.18,0.7,0.0,0.28,
2025-01-19,Sunday,2316.29,79,38.7,21.5,650.16,59.85,-0.8,0.0,0.49,
2025-01-20,Monday,1511.99,48,25.4,14.1,426.72,59.53,-4.0,0.0,0.44,
2025-01-21,Tuesday,1222.09,47,25.2,11.4,423.36,48.5,0.8,0.0,0.35,
2025-01-22,Wednesday,2178.18,70,30.4,20.2,510.72,71.65,2.0,21.3,0.0,
2025-01-23,Thursday,2535.41,78,34.3,23.6,576.24,73.92,1.8,0.0,0.4,
2025-01-24,Friday,2668.4,96,42.9,24.8,720.72,62.2,1.8,0.7,0.42,
2025-01-25,Saturday,3431.89,111,52.3,31.9,878.64,65.62,-1.5,4.0,0.24,
2025-01-26,Sunday,1910.09,74,38.4,17.8,645.12,49.74,1.9,14.1,0.0,
2025-01-27,Monday,1451.73,45,22.6,13.5,379.68,64.24,2.1,1.5,0.33,
2025-01-28,Tuesday,2294.47,60,27.7,21.3,465.36,82.83,6.3,6.3,0.14,
2025-01-29,Wednesday,2251.82,68,28.3,20.9,475.44,79.57,8.2,0.0,0.44,
2025-01-30,Thursday,1997.99,63,35.9,18.6,603.12,55.65,1.8,0.0,0.0,
2025-01-31,Friday,3312.29,94,47.5,30.8,798.0,69.73,-0.1,0.0,0.24,
2025-02-01,Saturday,3763.08,127,49.4,35.0,829.92,76.18,2.2,7.7,0.0,
2025-02-02,Sunday,2677.82,85,39.3,24.9,660.24,68.14,0.5,0.0,0.32,
2025-02-03,Monday,2426.16,66,23.8,22.5,399.84,101.94,0.1,0.0,0.37,
2025-02-04,Tuesday,1968.85,59,30.9,18.3,519.12,63.72,2.3,1.6,0.38,
2025-02-05,Wednesday,3077.22,95,32.9,28.6,552.72,93.53,-0.8,1.2,0.37,
2025-02-06,Thursday,3654.03,97,35.4,34.0,594.72,103.22,4.5,4.7,0.1,
2025-02-07,Friday,3555.58,109,50.8,33.0,853.44,69.99,2.3,0.0,0.35,
2025-02-08,Saturday,3979.19,137,49.8,37.0,836.64,79.9,3.5,4.4,0.35,
2025-02-09,Sunday,3514.48,113,32.2,32.7,540.96,109.15,2.2,0.0,0.27,
2025-02-10,Monday,2085.94,56,28.1,19.4,472.08,74.23,0.5,1.0,0.34,
2025-02-11,Tuesday,2200.15,59,24.0,20.4,403.2,91.67,-0.1,0.0,0.54,
2025-02-12,Wednesday,2784.59,82,31.1,25.9,522.48,89.54,2.2,0.0,0.39,
2025-02-13,Thursday,3488.12,111,32.8,32.4,551.04,106.35,1.3,0.0,0.1,
2025-02-14,Friday,3743.36,105,43.9,34.8,737.52,85.27,3.9,1.5,0.32,
2025-02-15,Saturday,5168.22,148,41.5,48.0,697.2,124.54,3.2,0.0,0.3,
2025-02-16,Sunday,2985.2,98,39.3,27.7,660.24,75.96,-1.1,0.0,0.34,
2025-02-17,Monday,2308.58,59,24.0,21.5,403.2,96.19,3.5,0.0,0.48,
2025-02-18,Tuesday,1891.78,64,27.8,17.6,467.04,68.05,-0.9,0.7,0.37,
2025-02-19,Wednesday,2668.62,78,31.0,24.8,520.8,86.08,1.5,0.0,0.32,
2025-02-20,Thursday,3368.69,104,33.6,31.3,564.48,100.26,2.6,0.0,0.46,
2025-02-21,Friday,3887.29,127,43.2,36.1,725.76,89.98,-3.0,2.8,0.26,
2025-02-22,Saturday,3908.86,122,46.8,36.3,786.24,83.52,4.0,5.7,0.08,
2025-02-23,Sunday,4135.08,124,40.3,38.4,677.04,102.61,4.3,0.0,0.39,
2025-02-24,Monday,1664.79,52,24.8,15.5,416.64,67.13,3.4,0.0,0.38,
2025-02-25,Tuesday,2457.1,74,26.7,22.8,448.56,92.03,2.7,4.7,0.07,
2025-02-26,Wednesday,2394.3,83,28.0,22.3,470.4,85.51,2.9,3.5,0.12,
2025-02-27,Thursday,3519.79,99,34.2,32.7,574.56,102.92,1.1,11.0,0.0,
2025-02-28,Friday,4018.89,134,39.6,37.3,665.28,101.49,3.5,0.0,0.23,
2025-03-01,Saturday,4552.5,161,52.9,42.3,888.72,86.06,2.7,0.0,0.2,
2025-03-02,Sunday,3214.29,106,40.3,29.9,677.04,79.76,4.8,0.4,0.49,
2025-03-03,Monday,2093.59,68,27.3,19.5,458.64,76.69,0.8,0.0,0.32,
2025-03-04,Tuesday,2379.51,71,30.5,22.1,512.4,78.02,5.5,11.8,0.0,
2025-03-05,Wednesday,3499.97,106,30.2,32.5,507.36,115.89,5.3,6.6,0.0,
2025-03-06,Thursday,2452.09,89,38.9,22.8,653.52,63.04,4.5,0.0,0.35,
2025-03-07,Friday,4750.23,143,47.8,44.1,803.04,99.38,3.7,8.5,0.0,
2025-03-08,Saturday,5069.99,160,60.1,47.1,1009.68,84.36,7.0,0.0,0.36,
2025-03-09,Sunday,3380.99,104,40.0,31.4,672.0,84.52,-0.0,2.1,0.15,
2025-03-10,Monday,1766.32,58,24.8,16.4,416.64,71.22,6.9,9.5,0.0,
2025-03-11,Tuesday,2265.08,79,27.9,21.0,468.72,81.19,6.3,0.0,0.27,
2025-03-12,Wednesday,2563.72,76,32.9,23.8,552.72,77.92,6.6,0.0,0.48,
2025-03-13,Thursday,2736.42,81,34.8,25.4,584.64,78.63,7.0,11.1,0.0,
2025-03-14,Friday,4390.01,146,48.4,40.8,813.12,90.7,3.8,0.0,0.22,
2025-03-15,Saturday,4048.83,127,54.1,37.6,908.88,74.84,5.2,1.1,0.42,
2025-03-16,Sunday,3475.96,130,45.4,32.3,762.72,76.56,8.2,4.1,0.13,
2025-03-17,Monday,2301.13,65,22.0,21.4,369.6,104.6,7.6,0.0,0.27,
2025-03-18,Tuesday,2614.26,80,27.2,24.3,456.96,96.11,7.1,0.0,0.4,
2025-03-19,Wednesday,2679.79,89,35.6,24.9,598.08,75.27,1.7,0.0,0.22,
2025-03-20,Thursday,4160.46,109,33.8,38.7,567.84,123.09,8.4,0.0,0.36,
2025-03-21,Friday,4036.03,137,45.6,37.5,766.08,88.51,10.5,3.7,0.0,
2025-03-22,Saturday,5204.94,152,51.5,48.4,865.2,101.07,10.2,3.5,0.12,
2025-03-23,Sunday,3349.12,114,35.3,31.1,593.04,94.88,7.8,0.0,0.27,
2025-03-24,Monday,2116.1,74,27.7,19.7,465.36,76.39,2.2,0.0,0.42,
2025-03-25,Tuesday,2614.02,91,27.8,24.3,467.04,94.03,10.3,3.8,0.27,
2025-03-26,Wednesday,3305.46,109,32.0,30.7,537.6,103.3,7.0,0.0,0.25,
2025-03-27,Thursday,3264.73,105,39.2,30.3,658.56,83.28,-0.5,0.0,0.55,
2025-03-28,Friday,4349.65,140,51.3,40.4,861.84,84.79,8.9,3.6,0.1,
2025-03-29,Saturday,4517.63,127,55.1,42.0,925.68,81.99,3.1,1.6,0.02,
2025-03-30,Sunday,4207.58,120,42.4,39.1,712.32,99.24,3.9,4.5,0.0,
2025-03-31,Monday,2341.54,77,24.1,21.8,404.88,97.16,6.1,0.0,0.54,
2025-04-01,Tuesday,2139.93,68,25.5,19.9,428.4,83.92,12.4,5.9,0.04,
2025-04-02,Wednesday,3057.52,82,31.5,28.4,529.2,97.06,7.2,12.8,0.0,
2025-04-03,Thursday,3494.28,115,36.5,32.5,613.2,95.73,9.4,0.0,0.26,
2025-04-04,Friday,5822.94,193,44.9,54.1,754.32,129.69,14.3,0.0,0.56,Kaasmarkt
2025-04-05,Saturday,5353.72,145,52.8,49.8,887.04,101.4,14.0,17.1,0.0,
2025-04-06,Sunday,3224.36,114,41.6,30.0,698.88,77.51,8.7,0.0,0.34,
2025-04-07,Monday,1648.47,53,26.2,15.3,440.16,62.92,8.4,1.2,0.51,
2025-04-08,Tuesday,2293.03,66,27.3,21.3,458.64,83.99,5.3,0.0,0.33,
2025-04-09,Wednesday,2336.77,77,32.8,21.7,551.04,71.24,7.2,1.5,0.0,
2025-04-10,Thursday,3223.6,114,40.0,30.0,672.0,80.59,10.9,0.0,0.45,
2025-04-11,Friday,4478.9,157,43.4,41.6,729.12,103.2,11.0,1.0,0.25,Kaasmarkt
2025-04-12,Saturday,4437.01,152,50.5,41.2,848.4,87.86,10.2,0.0,0.32,
2025-04-13,Sunday,3233.07,114,37.6,30.0,631.68,85.99,13.2,0.0,0.54,
2025-04-14,Monday,1684.12,56,24.7,15.7,414.96,68.18,7.7,9.0,0.0,
2025-04-15,Tuesday,2282.99,74,28.0,21.2,470.4,81.54,10.1,5.3,0.23,
2025-04-16,Wednesday,3395.43,113,28.6,31.6,480.48,118.72,12.8,0.0,0.35,
2025-04-17,Thursday,3714.39,122,39.3,34.5,660.24,94.51,12.5,0.0,0.26,
2025-04-18,Friday,6965.22,213,52.9,64.7,888.72,131.67,14.2,0.0,1.0,Kaasmarkt
2025-04-19,Saturday,5490.02,176,50.7,51.0,851.76,108.28,12.2,0.0,0.28,
2025-04-20,Sunday,5271.86,160,35.4,49.0,594.72,148.92,10.1,0.0,0.5,Eerste Paasdag
2025-04-21,Monday,2955.36,103,27.2,27.5,456.96,108.65,12.4,0.0,0.47,Tweede Paasdag
2025-04-22,Tuesday,2794.24,94,28.5,26.0,478.8,98.04,8.1,0.0,0.36,
2025-04-23,Wednesday,2206.39,68,31.5,20.5,529.2,70.04,6.2,0.0,0.42,
2025-04-24,Thursday,4277.5,117,32.5,39.8,546.0,131.62,13.5,0.0,0.42,
2025-04-25,Friday,6302.87,189,49.7,58.6,834.96,126.82,11.6,1.9,0.22,Kaasmarkt
2025-04-26,Saturday,5743.03,190,52.9,53.4,888.72,108.56,12.9,4.3,0.24,
2025-04-27,Sunday,4578.98,169,39.5,42.6,663.6,115.92,6.6,3.7,0.14,Koningsdag
2025-04-28,Monday,2731.9,76,23.1,25.4,388.08,118.26,11.0,1.5,0.35,
2025-04-29,Tuesday,3193.25,93,25.9,29.7,435.12,123.29,10.4,0.0,0.23,
2025-04-30,Wednesday,2960.05,87,29.3,27.5,492.24,101.03,9.7,4.0,0.16,
2025-05-01,Thursday,2972.97,81,35.5,27.6,596.4,83.75,5.4,0.2,0.39,
2025-05-02,Friday,5301.89,185,50.9,49.3,855.12,104.16,11.7,0.0,0.25,Kaasmarkt
2025-05-03,Saturday,4964.38,176,54.4,46.1,913.92,91.26,15.8,0.3,0.75,
2025-05-04,Sunday,4198.83,153,37.6,39.0,631.68,111.67,14.3,0.5,0.71,
2025-05-05,Monday,2590.41,87,30.4,24.1,510.72,85.21,11.3,0.0,0.44,Bevrijdingsdag
2025-05-06,Tuesday,4266.99,113,26.2,39.7,440.16,162.86,13.3,0.0,0.26,
2025-05-07,Wednesday,3578.84,126,28.9,33.3,485.52,123.84,15.9,0.0,1.0,
2025-05-08,Thursday,3472.05,94,33.7,32.3,566.16,103.03,4.8,0.0,0.54,
2025-05-09,Friday,5746.86,196,46.8,53.4,786.24,122.8,13.3,0.0,0.39,Kaasmarkt
2025-05-10,Saturday,5460.53,176,58.2,50.7,977.76,93.82,15.6,0.0,0.39,
2025-05-11,Sunday,4711.82,162,42.3,43.8,710.64,111.39,16.2,0.0,0.94,
2025-05-12,Monday,3830.06,116,27.0,35.6,453.6,141.85,19.6,0.0,1.0,
2025-05-13,Tuesday,3206.21,103,30.7,29.8,515.76,104.44,17.9,2.1,0.71,
2025-05-14,Wednesday,4783.81,139,32.6,44.5,547.68,146.74,15.4,0.0,1.0,
2025-05-15,Thursday,4324.86,124,30.6,40.2,514.08,141.34,15.5,1.5,1.0,
2025-05-16,Friday,6944.99,243,53.1,64.5,892.08,130.79,17.2,2.5,0.91,Kaasmarkt
2025-05-17,Saturday,7078.94,251,54.6,65.8,917.28,129.65,13.1,0.0,0.32,
2025-05-18,Sunday,3761.18,128,40.0,35.0,672.0,94.03,14.8,0.0,0.74,
2025-05-19,Monday,3157.06,107,24.3,29.3,408.24,129.92,17.9,2.0,0.72,
2025-05-20,Tuesday,4455.3,137,25.9,41.4,435.12,172.02,21.4,0.0,0.92,
2025-05-21,Wednesday,3277.12,102,33.2,30.5,557.76,98.71,14.8,0.0,1.0,
2025-05-22,Thursday,3364.08,121,36.9,31.3,619.92,91.17,15.3,0.0,1.0,
2025-05-23,Friday,6094.42,203,42.4,56.6,712.32,143.74,16.2,3.2,0.65,Kaasmarkt
2025-05-24,Saturday,8463.18,265,54.1,78.6,908.88,156.44,19.9,0.0,0.92,
2025-05-25,Sunday,5314.9,147,37.6,49.4,631.68,141.35,15.7,2.5,0.9,
2025-05-26,Monday,2902.45,97,30.2,27.0,507.36,96.11,20.6,0.0,0.39,
2025-05-27,Tuesday,4008.67,105,29.9,37.3,502.32,134.07,12.9,0.0,0.26,
2025-05-28,Wednesday,3646.9,128,32.0,33.9,537.6,113.97,15.5,0.0,0.65,
2025-05-29,Thursday,5619.13,193,34.4,52.2,577.92,163.35,15.6,0.0,0.84,Hemelvaartsdag
2025-05-30,Friday,7533.2,247,46.7,70.0,784.56,161.31,18.8,0.0,0.82,Kaasmarkt
2025-05-31,Saturday,8515.49,251,56.0,79.1,940.8,152.06,19.8,5.0,0.57,
2025-06-01,Sunday,3579.47,120,48.8,33.3,819.84,73.35,11.7,2.9,0.1,
2025-06-02,Monday,2854.08,107,30.0,26.5,504.0,95.14,13.7,0.0,0.43,
2025-06-03,Tuesday,3984.47,110,29.8,37.0,500.64,133.71,17.8,1.7,0.91,
2025-06-04,Wednesday,4282.43,112,35.2,39.8,591.36,121.66,14.7,0.0,0.39,
2025-06-05,Thursday,4212.3,126,38.3,39.1,643.44,109.98,12.0,5.3,0.09,
2025-06-06,Friday,8284.2,275,47.7,77.0,801.36,173.67,20.3,0.0,0.55,Kaasmarkt
2025-06-07,Saturday,5836.09,170,66.3,54.2,1113.84,88.03,18.7,10.4,0.92,
2025-06-08,Sunday,5334.01,171,39.6,49.6,665.28,134.7,18.8,2.2,0.65,
2025-06-09,Monday,3291.09,107,29.7,30.6,498.96,110.81,15.8,0.0,0.78,Pinksteren
2025-06-10,Tuesday,4768.26,145,27.2,44.3,456.96,175.3,20.7,3.5,0.76,Kermis
2025-06-11,Wednesday,6668.58,201,33.2,62.0,557.76,200.86,16.7,0.0,0.84,Kermis
2025-06-12,Thursday,7174.74,202,37.4,66.7,628.32,191.84,21.1,0.0,0.89,Kermis
2025-06-13,Friday,8184.16,259,58.7,76.1,986.16,139.42,14.7,0.0,1.0,Kaasmarkt
2025-06-14,Saturday,9977.63,295,63.9,92.7,1073.52,156.14,15.0,0.0,0.98,Kermis
2025-06-15,Sunday,6431.83,221,40.9,59.8,687.12,157.26,18.4,0.0,1.0,
2025-06-16,Monday,3437.11,98,27.9,31.9,468.72,123.19,15.6,0.0,1.0,
2025-06-17,Tuesday,3239.85,106,27.1,30.1,455.28,119.55,20.1,0.0,0.6,
2025-06-18,Wednesday,3879.3,128,34.6,36.1,581.28,112.12,18.8,0.0,1.0,
2025-06-19,Thursday,4463.24,137,38.8,41.5,651.84,115.03,15.1,0.0,1.0,
2025-06-20,Friday,8152.14,274,56.3,75.8,945.84,144.8,18.4,0.0,1.0,Kaasmarkt
2025-06-21,Saturday,6932.54,233,61.3,64.4,1029.84,113.09,17.1,0.0,0.63,
2025-06-22,Sunday,6705.1,210,47.2,62.3,792.96,142.06,21.2,0.0,1.0,
2025-06-23,Monday,3886.83,104,27.6,36.1,463.68,140.83,16.3,0.0,1.0,
2025-06-24,Tuesday,3925.88,113,30.0,36.5,504.0,130.86,17.0,2.9,0.59,
2025-06-25,Wednesday,6282.03,162,36.7,58.4,616.56,171.17,22.3,0.0,1.0,
2025-06-26,Thursday,5415.67,181,39.8,50.3,668.64,136.07,25.6,0.0,1.0,
2025-06-27,Friday,10401.56,304,58.0,96.7,974.4,179.34,24.9,1.5,0.76,Kaasmarkt
2025-06-28,Saturday,8816.64,274,52.7,81.9,885.36,167.3,18.8,0.0,0.97,
2025-06-29,Sunday,5878.82,201,44.3,54.6,744.24,132.7,19.3,0.0,1.0,
2025-06-30,Monday,3468.0,110,26.9,32.2,451.92,128.92,23.6,0.0,1.0,
2025-07-01,Tuesday,3857.26,111,29.1,35.8,488.88,132.55,18.3,0.0,1.0,
2025-07-02,Wednesday,4662.01,139,30.2,43.3,507.36,154.37,15.6,0.6,1.0,
2025-07-03,Thursday,4498.95,152,41.0,41.8,688.8,109.73,19.1,14.9,0.62,
2025-07-04,Friday,6395.34,224,50.0,59.4,840.0,127.91,20.2,0.0,0.52,Kaasmarkt
2025-07-05,Saturday,8029.24,245,52.6,74.6,883.68,152.65,16.2,0.0,0.75,
2025-07-06,Sunday,4754.02,161,41.8,44.2,702.24,113.73,13.6,5.3,0.0,
2025-07-07,Monday,2930.41,102,28.7,27.2,482.16,102.1,14.3,0.0,0.94,
2025-07-08,Tuesday,4502.38,126,30.0,41.8,504.0,150.08,21.0,0.0,1.0,
2025-07-09,Wednesday,5284.38,189,34.5,49.1,579.6,153.17,16.5,1.4,1.0,
2025-07-10,Thursday,6243.6,205,35.4,58.0,594.72,176.37,18.5,0.0,0.58,
2025-07-11,Friday,9547.22,296,55.5,88.7,932.4,172.02,19.6,0.0,0.81,Kaasmarkt
2025-07-12,Saturday,10985.29,334,59.8,102.1,1004.64,183.7,21.0,1.1,1.0,
2025-07-13,Sunday,7435.31,226,42.1,69.1,707.28,176.61,17.9,0.0,0.74,
2025-07-14,Monday,3204.2,107,31.1,29.8,522.48,103.03,20.6,0.0,0.88,
2025-07-15,Tuesday,4850.3,167,29.6,45.1,497.28,163.86,16.1,4.6,0.77,
2025-07-16,Wednesday,4733.79,136,34.9,44.0,586.32,135.64,17.8,0.0,0.33,
2025-07-17,Thursday,5753.49,168,38.8,53.5,651.84,148.29,15.7,0.0,1.0,
2025-07-18,Friday,9210.44,288,50.5,85.6,848.4,182.38,22.6,0.0,1.0,Kaasmarkt
2025-07-19,Saturday,8812.45,283,56.1,81.9,942.48,157.08,18.9,0.0,1.0,
2025-07-20,Sunday,5156.1,161,45.4,47.9,762.72,113.57,16.6,0.0,0.6,
2025-07-21,Monday,3130.32,110,27.3,29.1,458.64,114.66,17.8,2.1,0.56,
2025-07-22,Tuesday,5244.41,152,30.7,48.7,515.76,170.83,18.3,0.0,0.72,
2025-07-23,Wednesday,5389.23,168,37.2,50.1,624.96,144.87,21.2,2.8,0.85,
2025-07-24,Thursday,5555.19,152,42.4,51.6,712.32,131.02,13.8,0.0,0.36,
2025-07-25,Friday,10426.59,343,45.7,96.9,767.76,228.15,15.6,0.0,0.95,Kaasmarkt
2025-07-26,Saturday,8025.65,248,55.1,74.6,925.68,145.66,17.7,0.0,1.0,
2025-07-27,Sunday,8654.48,260,43.8,80.4,735.84,197.59,27.0,0.0,1.0,
2025-07-28,Monday,3801.69,119,29.7,35.3,498.96,128.0,21.9,0.0,0.68,
2025-07-29,Tuesday,4425.78,138,28.0,41.1,470.4,158.06,18.4,0.0,0.7,
2025-07-30,Wednesday,5631.73,171,37.1,52.3,623.28,151.8,21.0,0.0,1.0,
2025-07-31,Thursday,7435.36,204,40.1,69.1,673.68,185.42,25.3,0.0,0.81,
2025-08-01,Friday,9179.49,299,45.7,85.3,767.76,200.86,18.0,0.0,1.0,Kaasmarkt
2025-08-02,Saturday,7586.33,249,61.7,70.5,1036.56,122.96,17.5,0.0,1.0,
2025-08-03,Sunday,6058.34,197,39.7,56.3,666.96,152.6,22.5,0.0,0.74,
2025-08-04,Monday,4196.61,127,27.0,39.0,453.6,155.43,20.2,0.0,0.82,
2025-08-05,Tuesday,4552.58,140,30.4,42.3,510.72,149.76,20.7,0.0,0.93,
2025-08-06,Wednesday,3604.59,125,35.4,33.5,594.72,101.82,16.8,3.7,0.45,
2025-08-07,Thursday,5279.36,180,40.9,49.1,687.12,129.08,24.6,0.0,0.6,
2025-08-08,Friday,9023.57,300,46.5,83.9,781.2,194.06,23.8,0.0,0.78,Kaasmarkt
2025-08-09,Saturday,8892.32,282,62.6,82.6,1051.68,142.05,20.1,0.0,1.0,
2025-08-10,Sunday,5885.9,207,45.6,54.7,766.08,129.08,20.4,0.0,0.77,
2025-08-11,Monday,2914.83,97,26.5,27.1,445.2,109.99,11.7,0.0,0.33,
2025-08-12,Tuesday,4331.46,128,28.5,40.3,478.8,151.98,20.2,0.0,0.76,
2025-08-13,Wednesday,4415.44,151,35.5,41.0,596.4,124.38,17.4,0.0,0.48,
2025-08-14,Thursday,4930.01,156,36.4,45.8,611.52,135.44,19.4,0.0,1.0,
2025-08-15,Friday,6288.74,203,54.0,58.4,907.2,116.46,20.1,0.7,0.13,Kaasmarkt
2025-08-16,Saturday,8161.33,249,57.6,75.8,967.68,141.69,16.8,1.8,0.61,
2025-08-17,Sunday,4313.61,137,40.4,40.1,678.72,106.77,12.4,0.0,0.42,
2025-08-18,Monday,3314.15,101,28.8,30.8,483.84,115.07,18.9,0.0,0.47,
2025-08-19,Tuesday,3432.8,111,32.9,31.9,552.72,104.34,15.3,0.0,1.0,
2025-08-20,Wednesday,4320.15,136,35.7,40.1,599.76,121.01,16.5,7.8,0.91,
2025-08-21,Thursday,4108.99,129,42.8,38.2,719.04,96.0,15.5,0.0,0.64,
2025-08-22,Friday,8914.3,257,52.6,82.8,883.68,169.47,16.3,2.5,0.85,Kaasmarkt
2025-08-23,Saturday,5870.15,181,61.2,54.6,1028.16,95.92,9.9,0.0,0.22,
2025-08-24,Sunday,4295.88,162,47.9,39.9,804.72,89.68,21.1,0.0,1.0,
2025-08-25,Monday,3069.67,86,28.9,28.5,485.52,106.22,17.9,0.0,0.93,
2025-08-26,Tuesday,4602.97,133,32.3,42.8,542.64,142.51,20.6,0.0,0.97,
2025-08-27,Wednesday,5236.97,163,35.1,48.7,589.68,149.2,23.3,0.0,1.0,
2025-08-28,Thursday,5353.07,170,32.9,49.7,552.72,162.71,16.9,0.0,1.0,
2025-08-29,Friday,8241.3,271,48.2,76.6,809.76,170.98,11.0,0.0,0.52,Kaasmarkt
2025-08-30,Saturday,6668.84,217,63.1,62.0,1060.08,105.69,13.8,0.0,0.43,
2025-08-31,Sunday,4949.66,150,43.0,46.0,722.4,115.11,12.7,0.0,0.21,
2025-09-01,Monday,3363.01,95,28.4,31.3,477.12,118.42,14.8,0.0,0.99,
2025-09-02,Tuesday,4336.05,118,26.8,40.3,450.24,161.79,16.6,0.0,1.0,
2025-09-03,Wednesday,3541.4,105,33.2,32.9,557.76,106.67,9.8,0.0,0.18,
2025-09-04,Thursday,3768.39,139,37.9,35.0,636.72,99.43,17.2,0.0,1.0,
2025-09-05,Friday,8624.77,269,48.4,80.2,813.12,178.2,11.2,0.0,0.36,Kaasmarkt
2025-09-06,Saturday,5741.21,188,55.5,53.4,932.4,103.45,16.8,0.0,1.0,
2025-09-07,Sunday,5182.05,163,37.9,48.2,636.72,136.73,15.4,0.0,0.62,
2025-09-08,Monday,2976.58,99,26.8,27.7,450.24,111.07,14.6,0.0,0.93,
2025-09-09,Tuesday,3629.21,114,27.5,33.7,462.0,131.97,15.3,0.0,1.0,
2025-09-10,Wednesday,3729.4,106,28.6,34.7,480.48,130.4,13.7,0.0,0.31,
2025-09-11,Thursday,3472.31,111,37.4,32.3,628.32,92.84,13.3,8.2,0.0,
2025-09-12,Friday,6201.88,187,51.3,57.6,861.84,120.89,9.8,0.0,0.09,Kaasmarkt
2025-09-13,Saturday,6631.54,195,53.3,61.6,895.44,124.42,14.9,0.0,1.0,
2025-09-14,Sunday,4910.11,163,44.7,45.6,750.96,109.85,20.8,2.7,0.42,
2025-09-15,Monday,2724.09,94,25.7,25.3,431.76,106.0,21.1,0.0,0.22,
2025-09-16,Tuesday,3370.45,106,25.5,31.3,428.4,132.17,18.9,0.0,0.6,
2025-09-17,Wednesday,4937.42,124,31.0,45.9,520.8,159.27,16.8,6.7,0.31,
2025-09-18,Thursday,3738.04,113,37.2,34.7,624.96,100.48,12.2,0.0,0.42,
2025-09-19,Friday,8312.28,260,51.0,77.2,856.8,162.99,18.9,0.0,0.62,Kaasmarkt
2025-09-20,Saturday,6304.38,187,55.5,58.6,932.4,113.59,14.0,0.0,0.39,
2025-09-21,Sunday,4260.96,149,39.1,39.6,656.88,108.98,13.8,0.0,0.23,
2025-09-22,Monday,2840.3,86,28.7,26.4,482.16,98.97,12.9,0.0,0.62,
2025-09-23,Tuesday,2907.82,91,27.7,27.0,465.36,104.98,14.0,6.0,0.12,
2025-09-24,Wednesday,3139.3,102,33.2,29.2,557.76,94.56,12.2,0.0,0.59,
2025-09-25,Thursday,3790.87,115,40.0,35.2,672.0,94.77,13.2,0.0,0.23,
2025-09-26,Friday,5986.84,180,48.6,55.6,816.48,123.19,9.9,0.0,0.43,Kaasmarkt
2025-09-27,Saturday,5036.13,164,52.1,46.8,875.28,96.66,12.0,8.0,0.0,
2025-09-28,Sunday,5609.37,185,39.4,52.1,661.92,142.37,20.4,0.0,1.0,
2025-09-29,Monday,2612.96,93,24.1,24.3,404.88,108.42,12.7,0.0,0.44,
2025-09-30,Tuesday,2603.16,85,25.2,24.2,423.36,103.3,12.0,0.0,0.16,
2025-10-01,Wednesday,3984.78,119,29.7,37.0,498.96,134.17,14.3,0.0,0.55,
2025-10-02,Thursday,3606.35,109,36.0,33.5,604.8,100.18,14.8,0.0,0.54,
2025-10-03,Friday,3915.43,128,49.3,36.4,828.24,79.42,8.8,4.7,0.0,
2025-10-04,Saturday,5157.81,163,64.4,47.9,1081.92,80.09,11.5,13.3,0.0,
2025-10-05,Sunday,4085.83,129,40.7,38.0,683.76,100.39,15.0,7.1,0.25,
2025-10-06,Monday,2020.86,68,27.6,18.8,463.68,73.22,12.8,1.9,0.08,
2025-10-07,Tuesday,2416.02,78,28.8,22.5,483.84,83.89,12.2,0.0,0.36,
2025-10-08,Wednesday,4366.45,127,31.4,40.6,527.52,139.06,16.6,0.0,1.0,
2025-10-09,Thursday,3385.07,112,34.6,31.5,581.28,97.83,9.3,0.0,0.19,
2025-10-10,Friday,4367.26,137,44.9,40.6,754.32,97.27,11.6,3.9,0.09,
2025-10-11,Saturday,7911.63,244,55.2,73.5,927.36,143.33,9.5,0.0,0.35,
2025-10-12,Sunday,4558.96,146,40.4,42.4,678.72,112.85,15.8,0.0,0.83,
2025-10-13,Monday,2208.9,74,26.6,20.5,446.88,83.04,4.7,0.0,0.27,
2025-10-14,Tuesday,3544.77,99,23.2,32.9,389.76,152.79,8.6,0.0,0.45,
2025-10-15,Wednesday,2766.93,99,31.7,25.7,532.56,87.28,8.9,0.0,0.46,
2025-10-16,Thursday,4586.73,148,34.5,42.6,579.6,132.95,12.6,0.0,0.43,
2025-10-17,Friday,4998.84,140,50.8,46.5,853.44,98.4,12.3,0.0,0.33,
2025-10-18,Saturday,4937.38,165,53.2,45.9,893.76,92.81,14.6,2.4,1.0,
2025-10-19,Sunday,4227.53,126,39.1,39.3,656.88,108.12,5.0,0.0,0.56,
2025-10-20,Monday,1901.13,72,26.9,17.7,451.92,70.67,12.3,0.0,0.3,
2025-10-21,Tuesday,3243.42,104,29.0,30.1,487.2,111.84,8.8,1.7,0.25,
2025-10-22,Wednesday,2661.42,87,29.8,24.7,500.64,89.31,7.5,0.0,0.5,
2025-10-23,Thursday,3377.8,109,32.6,31.4,547.68,103.61,11.2,0.0,0.25,
2025-10-24,Friday,4706.96,154,49.2,43.7,826.56,95.67,6.4,6.9,0.06,
2025-10-25,Saturday,5292.41,181,58.4,49.2,981.12,90.62,2.5,0.0,0.36,
2025-10-26,Sunday,3654.66,142,40.1,34.0,673.68,91.14,7.8,0.0,0.27,
2025-10-27,Monday,2398.36,76,25.8,22.3,433.44,92.96,4.1,0.0,0.32,
2025-10-28,Tuesday,3354.38,110,29.9,31.2,502.32,112.19,6.6,0.0,0.16,
2025-10-29,Wednesday,3107.14,97,32.6,28.9,547.68,95.31,9.8,1.4,0.21,
2025-10-30,Thursday,4808.81,137,37.1,44.7,623.28,129.62,9.4,0.0,0.11,Halloween
2025-10-31,Friday,7171.7,212,47.3,66.6,794.64,151.62,13.4,0.0,0.63,Halloween
2025-11-01,Saturday,5866.12,167,51.0,54.5,856.8,115.02,7.5,0.0,0.54,
2025-11-02,Sunday,3630.57,116,37.2,33.7,624.96,97.6,3.1,0.0,0.5,
2025-11-03,Monday,2191.72,68,27.5,20.4,462.0,79.7,5.5,0.0,0.39,
2025-11-04,Tuesday,2339.71,74,25.1,21.7,421.68,93.22,4.8,5.5,0.2,
2025-11-05,Wednesday,2300.56,85,32.5,21.4,546.0,70.79,3.7,0.0,0.51,
2025-11-06,Thursday,3407.24,105,40.1,31.7,673.68,84.97,8.9,0.0,0.48,
2025-11-07,Friday,3524.4,125,48.9,32.8,821.52,72.07,5.3,0.0,0.46,
2025-11-08,Saturday,4714.23,166,55.4,43.8,930.72,85.09,0.9,0.0,0.24,
2025-11-09,Sunday,3043.26,102,40.4,28.3,678.72,75.33,9.3,0.0,0.4,
2025-11-10,Monday,2534.24,89,25.1,23.6,421.68,100.97,6.6,0.0,0.29,
2025-11-11,Tuesday,3501.42,99,25.9,32.5,435.12,135.19,7.9,1.8,0.12,
2025-11-12,Wednesday,3179.46,109,36.3,29.5,609.84,87.59,7.0,0.0,0.21,
2025-11-13,Thursday,2869.31,106,38.4,26.7,645.12,74.72,8.5,0.0,0.4,
2025-11-14,Friday,3864.47,137,47.2,35.9,792.96,81.87,6.5,0.0,0.48,
2025-11-15,Saturday,6100.67,185,56.4,56.7,947.52,108.17,10.2,5.2,0.0,
2025-11-16,Sunday,3720.65,121,43.1,34.6,724.08,86.33,7.5,0.0,0.56,
2025-11-17,Monday,2259.16,74,28.9,21.0,485.52,78.17,7.3,0.0,0.53,
2025-11-18,Tuesday,2404.74,69,24.3,22.3,408.24,98.96,7.2,12.7,0.0,
2025-11-19,Wednesday,3028.67,95,32.1,28.1,539.28,94.35,1.1,10.7,0.0,
2025-11-20,Thursday,2636.59,94,36.3,24.5,609.84,72.63,5.1,0.0,0.34,
2025-11-21,Friday,4503.78,143,48.2,41.9,809.76,93.44,4.7,0.0,0.47,
2025-11-22,Saturday,3809.42,126,54.3,35.4,912.24,70.16,6.1,4.0,0.1,
2025-11-23,Sunday,3225.29,101,36.9,30.0,619.92,87.41,1.0,0.0,0.21,
2025-11-24,Monday,2767.47,70,27.9,25.7,468.72,99.19,10.4,8.8,0.0,
2025-11-25,Tuesday,2372.74,72,30.6,22.0,514.08,77.54,5.4,2.4,0.0,
2025-11-26,Wednesday,2429.91,84,30.6,22.6,514.08,79.41,1.1,0.0,0.37,
2025-11-27,Thursday,3196.33,107,35.3,29.7,593.04,90.55,-0.6,0.0,0.49,
2025-11-28,Friday,4336.93,136,47.8,40.3,803.04,90.73,3.8,0.0,0.39,
2025-11-29,Saturday,5647.48,177,54.1,52.5,908.88,104.39,4.3,0.0,0.45,
2025-11-30,Sunday,2050.71,82,44.7,19.1,750.96,45.88,2.2,0.9,0.37,
2025-12-01,Monday,2244.68,70,26.4,20.9,443.52,85.03,4.7,0.0,0.44,
2025-12-02,Tuesday,2210.12,78,33.5,20.5,562.8,65.97,2.3,0.0,0.37,
2025-12-03,Wednesday,1927.29,72,36.6,17.9,614.88,52.66,6.0,6.0,0.0,
2025-12-04,Thursday,2364.98,83,44.0,22.0,739.2,53.75,1.8,0.0,0.32,
2025-12-05,Friday,6184.37,175,55.5,57.5,932.4,111.43,3.9,0.0,0.34,
2025-12-06,Saturday,4702.05,161,58.3,43.7,979.44,80.65,7.1,0.0,0.5,
2025-12-07,Sunday,4432.08,127,44.8,41.2,752.64,98.93,12.1,0.0,0.55,
2025-12-08,Monday,2552.14,74,28.3,23.7,475.44,90.18,0.5,9.4,0.0,
2025-12-09,Tuesday,3119.67,78,27.3,29.0,458.64,114.27,2.2,9.4,0.0,
2025-12-10,Wednesday,3673.39,105,33.2,34.1,557.76,110.64,0.9,0.0,0.26,
2025-12-11,Thursday,4216.0,103,39.7,39.2,666.96,106.2,6.0,3.3,0.16,
2025-12-12,Friday,4846.16,157,46.1,45.0,774.48,105.12,-0.3,0.0,0.52,
2025-12-13,Saturday,5961.94,193,61.0,55.4,1024.8,97.74,1.8,0.0,0.39,
2025-12-14,Sunday,4363.22,128,43.9,40.5,737.52,99.39,3.2,1.3,0.28,
2025-12-15,Monday,1847.56,55,25.7,17.2,431.76,71.89,0.1,0.0,0.26,
2025-12-16,Tuesday,2629.43,90,30.0,24.4,504.0,87.65,0.0,0.0,0.46,
2025-12-17,Wednesday,3356.91,94,33.6,31.2,564.48,99.91,1.5,9.2,0.0,
2025-12-18,Thursday,3234.82,94,28.4,30.1,477.12,113.9,-3.8,2.3,0.23,
2025-12-19,Friday,5855.41,172,56.3,54.4,945.84,104.0,-1.7,0.0,0.36,
2025-12-20,Saturday,4128.4,138,55.9,38.4,939.12,73.85,1.5,0.0,0.56,
2025-12-21,Sunday,4358.22,152,41.6,40.5,698.88,104.76,3.2,0.0,0.33,
2025-12-22,Monday,1818.71,67,27.0,16.9,453.6,67.36,2.1,0.0,0.56,
2025-12-23,Tuesday,2798.49,94,32.5,26.0,546.0,86.11,-3.0,3.4,0.33,
2025-12-24,Wednesday,0.0,0,0.0,0.0,0.0,,1.1,10.8,0.0,Gesloten
2025-12-25,Thursday,4179.08,124,34.4,38.8,577.92,121.48,5.1,9.9,0.0,Eerste Kerstdag
2025-12-26,Friday,4620.04,160,52.8,42.9,887.04,87.5,4.3,0.0,0.33,Tweede Kerstdag
2025-12-27,Saturday,3751.14,139,58.2,34.9,977.76,64.45,2.2,2.9,0.1,
2025-12-28,Sunday,2251.78,96,47.4,20.9,796.32,47.51,-0.4,12.6,0.0,
2025-12-29,Monday,2179.55,64,27.1,20.3,455.28,80.43,4.4,1.4,0.17,
2025-12-30,Tuesday,2235.75,71,28.2,20.8,473.76,79.28,0.5,14.0,0.0,
2025-12-31,Wednesday,1906.57,50,35.6,17.7,598.08,53.56,-1.5,0.0,0.35,Oudejaarsavond
2026-01-01,Thursday,0.0,0,0.0,0.0,0.0,,-0.3,0.0,0.42,Gesloten
2026-01-02,Friday,3992.98,119,47.0,37.1,789.6,84.96,6.8,0.0,0.45,
2026-01-03,Saturday,4314.44,130,47.6,40.1,799.68,90.64,2.9,0.0,0.0,
2026-01-04,Sunday,2832.65,87,39.7,26.3,666.96,71.35,5.9,0.0,0.39,
2026-01-05,Monday,1414.01,45,25.9,13.1,435.12,54.59,0.6,0.0,0.13,
2026-01-06,Tuesday,1716.51,55,26.2,16.0,440.16,65.52,5.1,0.0,0.37,
2026-01-07,Wednesday,2345.03,73,29.1,21.8,488.88,80.59,0.2,4.8,0.0,
2026-01-08,Thursday,2955.38,86,35.8,27.5,601.44,82.55,1.6,0.0,0.36,
2026-01-09,Friday,3142.63,93,45.0,29.2,756.0,69.84,10.0,20.7,0.0,
2026-01-10,Saturday,3690.26,104,53.4,34.3,897.12,69.11,4.5,0.0,0.14,
2026-01-11,Sunday,3495.39,98,35.6,32.5,598.08,98.19,0.4,0.0,0.37,
2026-01-12,Monday,1012.55,43,23.0,9.4,386.4,44.02,1.7,0.0,0.34,
2026-01-13,Tuesday,1914.1,60,25.2,17.8,423.36,75.96,3.0,0.0,0.12,
2026-01-14,Wednesday,2379.04,66,25.0,22.1,420.0,95.16,5.9,0.0,0.43,
2026-01-15,Thursday,2025.09,62,34.1,18.8,572.88,59.39,0.4,1.4,0.28,
2026-01-16,Friday,2660.12,103,43.4,24.7,729.12,61.29,-3.6,0.0,0.29,
2026-01-17,Saturday,3359.52,113,45.9,31.2,771.12,73.19,1.1,2.5,0.14,
2026-01-18,Sunday,3183.34,102,40.5,29.6,680.4,78.6,2.1,1.7,0.66,
2026-01-19,Monday,2300.83,65,25.2,21.4,423.36,91.3,2.4,1.9,0.21,
2026-01-20,Tuesday,1586.38,56,25.8,14.7,433.44,61.49,6.2,10.3,0.0,
2026-01-21,Wednesday,2455.9,79,29.7,22.8,498.96,82.69,3.1,0.0,0.24,
2026-01-22,Thursday,2925.71,87,30.5,27.2,512.4,95.92,4.7,4.5,0.08,
2026-01-23,Friday,2936.32,97,44.4,27.3,745.92,66.13,-1.4,0.7,0.27,
2026-01-24,Saturday,3174.54,110,51.3,29.5,861.84,61.88,4.9,0.0,0.34,
2026-01-25,Sunday,3458.02,109,36.3,32.1,609.84,95.26,8.8,0.0,0.22,
2026-01-26,Monday,1592.77,50,25.2,14.8,423.36,63.21,4.6,0.0,0.42,
2026-01-27,Tuesday,2162.28,59,28.4,20.1,477.12,76.14,3.0,1.9,0.2,
2026-01-28,Wednesday,2626.35,62,29.9,24.4,502.32,87.84,2.7,17.2,0.0,
2026-01-29,Thursday,2689.93,81,32.2,25.0,540.96,83.54,8.0,0.0,0.25,
2026-01-30,Friday,3144.4,97,46.4,29.2,779.52,67.77,-0.7,1.7,0.22,
2026-01-31,Saturday,4505.32,124,44.1,41.9,740.88,102.16,2.0,8.1,0.05,
2026-02-01,Sunday,4465.14,115,37.4,41.5,628.32,119.39,3.8,5.2,0.15,
2026-02-02,Monday,1554.57,58,22.2,14.4,372.96,70.03,4.8,0.0,0.31,
2026-02-03,Tuesday,1850.38,59,26.5,17.2,445.2,69.83,1.1,0.0,0.35,
2026-02-04,Wednesday,2619.3,84,31.1,24.3,522.48,84.22,3.5,0.0,0.38,
2026-02-05,Thursday,2832.52,78,37.6,26.3,631.68,75.33,1.7,0.0,0.6,
2026-02-06,Friday,3509.15,118,51.3,32.6,861.84,68.4,3.0,0.0,0.27,
2026-02-07,Saturday,5542.64,163,50.2,51.5,843.36,110.41,2.2,0.0,0.41,
2026-02-08,Sunday,4840.72,131,36.4,45.0,611.52,132.99,-0.9,0.0,0.44,
2026-02-09,Monday,2026.11,61,22.9,18.8,384.72,88.48,2.7,4.6,0.0,
2026-02-10,Tuesday,1780.58,62,26.1,16.5,438.48,68.22,5.6,3.7,0.19,
2026-02-11,Wednesday,2507.67,88,32.1,23.3,539.28,78.12,-0.2,2.2,0.26,
2026-02-12,Thursday,2541.19,72,33.5,23.6,562.8,75.86,2.2,0.0,0.29,
2026-02-13,Friday,4044.93,121,46.7,37.6,784.56,86.62,5.2,0.0,0.42,
2026-02-14,Saturday,5693.46,167,58.1,52.9,976.08,97.99,-0.3,0.0,0.48,
2026-02-15,Sunday,3870.29,110,39.4,36.0,661.92,98.23,3.8,6.1,0.18,
2026-02-16,Monday,1818.2,51,24.5,16.9,411.6,74.21,-0.1,0.0,0.33,
2026-02-17,Tuesday,2339.85,59,27.7,21.7,465.36,84.47,7.0,4.9,0.13,
2026-02-18,Wednesday,3393.79,100,29.1,31.5,488.88,116.63,10.8,0.0,0.64,
2026-02-19,Thursday,3303.45,99,32.5,30.7,546.0,101.64,10.0,0.0,0.21,
2026-02-20,Friday,4415.87,122,39.4,41.0,661.92,112.08,2.9,0.0,0.38,
2026-02-21,Saturday,4843.03,157,55.4,45.0,930.72,87.42,6.0,0.0,0.46,
2026-02-22,Sunday,2494.2,100,33.6,23.2,564.48,74.23,4.1,0.0,0.37,
2026-02-23,Monday,2389.8,51,21.7,22.2,364.56,110.13,4.2,0.0,0.43,
2026-02-24,Tuesday,2674.42,79,26.5,24.9,445.2,100.92,8.9,10.8,0.0,
2026-02-25,Wednesday,3585.12,78,29.0,33.3,487.2,123.62,-0.2,0.0,0.44,
2026-02-26,Thursday,3293.59,87,32.8,30.6,551.04,100.41,7.5,4.4,0.29,
2026-02-27,Friday,4195.41,111,45.7,39.0,767.76,91.8,4.1,4.4,0.1,
2026-02-28,Saturday,4506.09,151,50.9,41.9,855.12,88.53,8.8,8.7,0.0,
2026-03-01,Sunday,2866.76,100,37.2,26.6,624.96,77.06,5.0,0.0,0.34,
2026-03-02,Monday,2215.17,68,24.9,20.6,418.32,88.96,2.4,1.3,0.24,
2026-03-03,Tuesday,2655.54,73,28.5,24.7,478.8,93.18,5.5,0.0,0.35,
2026-03-04,Wednesday,3341.93,99,32.3,31.1,542.64,103.47,7.1,4.9,0.0,
2026-03-05,Thursday,2675.18,93,37.4,24.9,628.32,71.53,5.0,5.9,0.15,
2026-03-06,Friday,4598.86,130,48.8,42.7,819.84,94.24,6.5,0.0,0.56,
2026-03-07,Saturday,4191.51,119,58.0,39.0,974.4,72.27,3.4,3.9,0.36,
2026-03-08,Sunday,3033.58,94,44.5,28.2,747.6,68.17,-1.6,0.0,0.51,
2026-03-09,Monday,1804.73,71,26.5,16.8,445.2,68.1,8.2,4.5,0.01,
2026-03-10,Tuesday,3890.07,112,26.9,36.2,451.92,144.61,7.7,0.6,0.51,
2026-03-11,Wednesday,2754.85,77,30.9,25.6,519.12,89.15,6.0,5.6,0.0,
2026-03-12,Thursday,2787.46,91,36.8,25.9,618.24,75.75,5.9,0.0,0.34,
2026-03-13,Friday,4914.32,146,52.0,45.7,873.6,94.51,9.1,5.7,0.29,
2026-03-14,Saturday,4897.3,164,54.7,45.5,918.96,89.53,4.4,0.0,0.22,
2026-03-15,Sunday,3269.43,105,35.9,30.4,603.12,91.07,3.8,0.0,0.45,
2026-03-16,Monday,2371.17,69,25.3,22.0,425.04,93.72,5.5,0.0,0.38,
2026-03-17,Tuesday,2383.66,67,28.0,22.2,470.4,85.13,10.1,3.3,0.17,
2026-03-18,Wednesday,2768.28,85,31.4,25.7,527.52,88.16,2.0,4.5,0.02,
2026-03-19,Thursday,4295.65,117,35.1,39.9,589.68,122.38,10.3,4.9,0.16,
2026-03-20,Friday,5509.65,171,46.5,51.2,781.2,118.49,4.6,1.3,0.23,
2026-03-21,Saturday,5555.18,157,55.5,51.6,932.4,100.09,3.3,0.0,0.48,
2026-03-22,Sunday,3453.44,117,42.6,32.1,715.68,81.07,11.0,2.6,0.37,
2026-03-23,Monday,2528.63,73,24.0,23.5,403.2,105.36,6.7,0.0,0.18,
2026-03-24,Tuesday,2732.67,90,27.7,25.4,465.36,98.65,3.0,0.0,0.29,
2026-03-25,Wednesday,3209.06,99,27.2,29.8,456.96,117.98,6.2,4.2,0.1,
2026-03-26,Thursday,2934.36,98,38.8,27.3,651.84,75.63,10.4,7.9,0.0,
2026-03-27,Friday,4702.57,160,54.6,43.7,917.28,86.13,11.4,0.0,0.21,
2026-03-28,Saturday,6422.99,186,55.5,59.7,932.4,115.73,6.4,0.0,0.36,
2026-03-29,Sunday,3325.81,112,40.0,30.9,672.0,83.15,9.2,2.5,0.2,
2026-03-30,Monday,2050.33,63,24.5,19.1,411.6,83.69,10.3,0.0,0.15,
2026-03-31,Tuesday,2973.09,85,24.1,27.6,404.88,123.36,6.1,6.6,0.0,
2026-04-01,Wednesday,3116.32,97,28.0,29.0,470.4,111.3,9.4,0.0,0.41,
2026-04-02,Thursday,3178.5,96,42.4,29.5,712.32,74.96,8.3,10.3,0.0,
2026-04-03,Friday,5240.84,162,45.2,48.7,759.36,115.95,6.9,0.0,0.24,Kaasmarkt
2026-04-04,Saturday,4617.61,139,49.7,42.9,834.96,92.91,7.1,1.3,0.48,
2026-04-05,Sunday,3779.96,138,41.7,35.1,700.56,90.65,9.1,2.3,0.4,Eerste Paasdag
2026-04-06,Monday,2632.3,79,22.8,24.5,383.04,115.45,9.1,0.0,0.15,Tweede Paasdag
2026-04-07,Tuesday,2217.61,67,28.5,20.6,478.8,77.81,7.3,0.0,0.18,
2026-04-08,Wednesday,2762.7,86,35.0,25.7,588.0,78.93,7.9,0.0,0.4,
2026-04-09,Thursday,3491.91,107,33.7,32.5,566.16,103.62,13.0,0.0,0.2,
2026-04-10,Friday,6714.56,205,46.1,62.4,774.48,145.65,10.3,0.0,0.32,Kaasmarkt
2026-04-11,Saturday,3508.02,118,57.1,32.6,959.28,61.44,12.6,15.5,0.0,
2026-04-12,Sunday,3937.78,130,37.9,36.6,636.72,103.9,13.7,0.0,0.42,
2026-04-13,Monday,2025.71,66,24.4,18.8,409.92,83.02,11.9,1.1,0.0,
2026-04-14,Tuesday,3466.54,104,25.1,32.2,421.68,138.11,17.4,5.2,0.0,
2026-04-15,Wednesday,3254.66,94,33.4,30.2,561.12,97.44,7.7,0.0,0.2,
2026-04-16,Thursday,2836.25,103,37.4,26.4,628.32,75.84,13.1,5.4,0.2,
2026-04-17,Friday,6787.56,197,48.6,63.1,816.48,139.66,9.6,0.8,0.29,Kaasmarkt
2026-04-18,Saturday,6313.43,197,54.0,58.7,907.2,116.92,16.7,0.0,0.36,
2026-04-19,Sunday,4872.43,142,39.9,45.3,670.32,122.12,16.3,0.0,1.0,
2026-04-20,Monday,2459.53,77,26.4,22.9,443.52,93.16,4.8,0.0,0.44,
2026-04-21,Tuesday,2722.03,88,24.5,25.3,411.6,111.1,8.1,0.0,0.32,
2026-04-22,Wednesday,4067.15,117,32.6,37.8,547.68,124.76,13.5,6.3,0.0,
2026-04-23,Thursday,5246.08,141,31.2,48.8,524.16,168.14,14.0,0.0,0.4,
2026-04-24,Friday,7461.75,229,49.8,69.3,836.64,149.83,14.0,0.0,0.5,Kaasmarkt
2026-04-25,Saturday,6277.55,183,55.8,58.3,937.44,112.5,11.5,0.0,0.37,
2026-04-26,Sunday,3136.53,117,38.4,29.1,645.12,81.68,13.4,1.6,0.34,
2026-04-27,Monday,5877.6,173,25.4,54.6,426.72,231.4,14.2,0.0,0.88,Koningsdag
2026-04-28,Tuesday,3354.87,91,29.5,31.2,495.6,113.72,12.0,0.0,0.3,
2026-04-29,Wednesday,3877.04,129,30.6,36.0,514.08,126.7,15.6,0.0,0.61,
2026-04-30,Thursday,3680.75,104,37.1,34.2,623.28,99.21,5.3,0.0,0.38,
2026-05-01,Friday,6618.85,208,44.0,61.5,739.2,150.43,14.7,0.0,0.81,Kaasmarkt
2026-05-02,Saturday,5292.37,156,51.2,49.2,860.16,103.37,9.5,0.0,0.32,
2026-05-03,Sunday,5143.57,155,38.9,47.8,653.52,132.23,16.0,6.6,0.86,
2026-05-04,Monday,3022.28,94,26.7,28.1,448.56,113.19,12.3,0.0,0.41,
2026-05-05,Tuesday,4186.71,110,27.7,38.9,465.36,151.14,10.4,0.0,0.46,Bevrijdingsdag
2026-05-06,Wednesday,3970.55,117,31.7,36.9,532.56,125.25,14.5,3.0,0.25,
2026-05-07,Thursday,4573.07,142,36.4,42.5,611.52,125.63,10.6,0.0,0.42,
2026-05-08,Friday,4371.35,148,49.2,40.6,826.56,88.85,10.7,12.6,0.0,Kaasmarkt
2026-05-09,Saturday,5170.11,168,45.4,48.0,762.72,113.88,8.7,0.0,0.25,
2026-05-10,Sunday,4146.08,125,41.4,38.5,695.52,100.15,13.8,0.0,0.25,
2026-05-11,Monday,3682.9,101,25.6,34.2,430.08,143.86,15.6,5.6,1.0,
2026-05-12,Tuesday,4127.25,117,28.3,38.4,475.44,145.84,17.4,0.0,1.0,
2026-05-13,Wednesday,3840.12,110,33.5,35.7,562.8,114.63,13.8,0.0,0.26,
2026-05-14,Thursday,5572.93,155,37.2,51.8,624.96,149.81,17.8,0.7,0.51,Hemelvaartsdag
2026-05-15,Friday,7838.8,232,40.4,72.8,678.72,194.03,14.6,0.0,0.9,Kaasmarkt
2026-05-16,Saturday,8372.38,239,56.6,77.8,950.88,147.92,14.4,0.0,0.76,
2026-05-17,Sunday,4409.73,160,37.7,41.0,633.36,116.97,16.6,0.0,1.0,
2026-05-18,Monday,3315.84,91,23.2,30.8,389.76,142.92,18.3,0.0,0.44,
2026-05-19,Tuesday,3633.02,107,29.4,33.8,493.92,123.57,13.9,0.0,0.13,
2026-05-20,Wednesday,3360.29,111,36.5,31.2,613.2,92.06,14.4,0.0,0.82,
2026-05-21,Thursday,5658.7,146,36.7,52.6,616.56,154.19,14.8,0.0,0.9,
2026-05-22,Friday,7012.63,195,53.9,65.2,905.52,130.1,15.7,16.3,0.13,Kaasmarkt
2026-05-23,Saturday,4911.01,175,53.4,45.6,897.12,91.97,12.6,3.2,0.28,
2026-05-24,Sunday,4506.56,160,42.7,41.9,717.36,105.54,18.9,0.0,1.0,
2026-05-25,Monday,4047.96,126,24.8,37.6,416.64,163.22,14.5,0.0,0.79,Pinksteren
2026-05-26,Tuesday,3814.24,114,27.1,35.4,455.28,140.75,17.4,0.0,0.73,
2026-05-27,Wednesday,3651.77,115,31.7,33.9,532.56,115.2,13.3,0.0,0.13,
2026-05-28,Thursday,5746.53,160,34.2,53.4,574.56,168.03,17.2,0.0,0.98,
2026-05-29,Friday,8621.34,270,48.6,80.1,816.48,177.39,17.5,0.0,1.0,Kaasmarkt
2026-05-30,Saturday,6290.08,203,52.6,58.5,883.68,119.58,15.0,0.0,0.82,
2026-05-31,Sunday,5005.14,178,42.7,46.5,717.36,117.22,22.9,0.0,1.0,
2026-06-01,Monday,3621.41,108,27.8,33.7,467.04,130.27,17.7,0.0,0.91,
2026-06-02,Tuesday,4742.92,149,32.7,44.1,549.36,145.04,22.3,0.0,1.0,
2026-06-03,Wednesday,5501.5,173,33.4,51.1,561.12,164.72,19.8,0.0,1.0,
2026-06-04,Thursday,3464.45,106,38.4,32.2,645.12,90.22,14.7,11.6,0.0,
2026-06-05,Friday,8983.09,273,51.6,83.5,866.88,174.09,15.7,2.3,0.58,Kaasmarkt
2026-06-06,Saturday,7975.11,233,57.2,74.1,960.96,139.42,18.4,5.7,0.13,
2026-06-07,Sunday,5216.75,151,40.9,48.5,687.12,127.55,17.3,5.4,0.08,
2026-06-08,Monday,3182.97,111,27.4,29.6,460.32,116.17,17.4,0.0,0.98,
2026-06-09,Tuesday,4640.49,132,29.5,43.1,495.6,157.3,16.4,0.0,1.0,
2026-06-10,Wednesday,6139.55,205,38.6,57.1,648.48,159.06,11.6,0.0,0.59,Kermis
2026-06-11,Thursday,6105.35,189,36.7,56.7,616.56,166.36,16.7,0.0,0.88,Kermis
2026-06-12,Friday,6638.98,215,42.3,61.7,710.64,156.95,10.4,4.4,0.1,Kaasmarkt
2026-06-13,Saturday,10433.26,324,53.7,97.0,902.16,194.29,18.8,0.0,0.55,Kermis
2026-06-14,Sunday,7378.02,229,42.5,68.6,714.0,173.6,15.4,0.0,1.0,Kermis
2026-06-15,Monday,3749.78,117,28.8,34.8,483.84,130.2,15.5,0.0,1.0,
2026-06-16,Tuesday,4548.87,132,34.3,42.3,576.24,132.62,17.2,0.0,0.71,
2026-06-17,Wednesday,4390.39,134,35.5,40.8,596.4,123.67,18.8,0.0,1.0,
2026-06-18,Thursday,3983.47,125,40.9,37.0,687.12,97.4,13.4,5.3,0.15,
2026-06-19,Friday,8660.68,233,59.3,80.5,996.24,146.05,12.5,0.0,0.12,Kaasmarkt
2026-06-20,Saturday,6784.65,203,52.9,63.0,888.72,128.25,14.7,0.0,1.0,
2026-06-21,Sunday,4563.76,168,36.7,42.4,616.56,124.35,11.7,0.0,0.37,
2026-06-22,Monday,2717.01,95,31.3,25.2,525.84,86.81,15.2,3.0,0.63,
2026-06-23,Tuesday,4403.64,139,30.1,40.9,505.68,146.3,23.4,0.0,0.77,
2026-06-24,Wednesday,5335.22,147,32.5,49.6,546.0,164.16,15.0,0.0,1.0,
2026-06-25,Thursday,7699.21,215,38.7,71.5,650.16,198.95,20.5,0.0,1.0,
2026-06-26,Friday,8067.42,244,51.5,75.0,865.2,156.65,14.1,5.6,1.0,Kaasmarkt
2026-06-27,Saturday,7912.41,243,51.1,73.5,858.48,154.84,19.5,0.0,0.54,
2026-06-28,Sunday,7318.08,218,45.8,68.0,769.44,159.78,17.5,0.0,0.69,
2026-06-29,Monday,2830.43,105,29.9,26.3,502.32,94.66,18.4,0.0,1.0,
2026-06-30,Tuesday,4346.96,121,29.5,40.4,495.6,147.35,20.5,0.0,0.52,
2026-07-01,Wednesday,6235.75,154,34.3,57.9,576.24,181.8,24.3,0.0,0.67,
2026-07-02,Thursday,6146.0,203,41.3,57.1,693.84,148.81,19.4,0.0,0.33,
2026-07-03,Friday,9939.44,328,50.6,92.4,850.08,196.43,19.2,0.0,1.0,Kaasmarkt
2026-07-04,Saturday,9569.38,288,56.7,88.9,952.56,168.77,15.7,0.0,1.0,
2026-07-05,Sunday,6740.27,220,43.7,62.6,734.16,154.24,20.7,0.0,1.0,
2026-07-06,Monday,4318.03,120,29.0,40.1,487.2,148.9,18.1,0.0,0.97,
2026-07-07,Tuesday,4407.03,135,30.9,41.0,519.12,142.62,21.5,0.0,0.77,
2026-07-08,Wednesday,5178.93,152,32.4,48.1,544.32,159.84,18.8,0.0,0.77,
2026-07-09,Thursday,7105.14,220,41.7,66.0,700.56,170.39,24.5,0.0,1.0,
2026-07-10,Friday,9152.64,265,49.8,85.1,836.64,183.79,12.6,0.0,0.26,Kaasmarkt
2026-07-11,Saturday,11213.7,344,58.3,104.2,979.44,192.34,18.0,0.0,1.0,
2026-07-12,Sunday,5203.61,177,44.5,48.4,747.6,116.94,21.8,7.5,0.37,
2026-07-13,Monday,3260.58,112,29.8,30.3,500.64,109.42,17.9,0.0,0.62,
2026-07-14,Tuesday,4111.5,123,28.5,38.2,478.8,144.26,16.5,0.0,1.0,
2026-07-15,Wednesday,5877.57,188,37.1,54.6,623.28,158.43,18.1,2.0,0.75,
2026-07-16,Thursday,4909.83,149,37.5,45.6,630.0,130.93,14.6,2.1,0.97,
2026-07-17,Friday,10519.7,344,56.3,97.8,945.84,186.85,19.4,0.0,0.77,Kaasmarkt
2026-07-18,Saturday,11486.6,367,58.0,106.7,974.4,198.04,26.8,0.0,0.19,
2026-07-19,Sunday,6314.84,203,43.6,58.7,732.48,144.84,22.7,6.5,0.75,
2026-07-20,Monday,4258.18,121,30.0,39.6,504.0,141.94,15.4,0.0,0.48,
2026-07-21,Tuesday,4165.82,108,33.2,38.7,557.76,125.48,16.2,0.0,1.0,
2026-07-22,Wednesday,4813.38,151,33.6,44.7,564.48,143.26,17.7,0.0,0.41,
2026-07-23,Thursday,5928.51,158,39.3,55.1,660.24,150.85,22.2,0.0,0.31,
2026-07-24,Friday,9550.01,310,53.6,88.7,900.48,178.17,16.3,0.0,1.0,Kaasmarkt
2026-07-25,Saturday,9494.37,280,63.3,88.2,1063.44,149.99,16.7,0.0,1.0,
2026-07-26,Sunday,5585.15,182,39.9,51.9,670.32,139.98,21.7,6.8,0.59,
2026-07-27,Monday,4033.53,134,24.6,37.5,413.28,163.96,21.6,2.8,0.38,
2026-07-28,Tuesday,5234.58,147,32.9,48.6,552.72,159.11,17.6,0.0,1.0,
2026-07-29,Wednesday,4730.59,142,33.8,44.0,567.84,139.96,15.2,0.0,0.44,
2026-07-30,Thursday,5164.19,152,39.8,48.0,668.64,129.75,13.8,0.0,0.29,
2026-07-31,Friday,8583.18,250,51.3,79.8,861.84,167.31,16.5,0.0,0.65,Kaasmarkt
2026-08-01,Saturday,8402.66,230,58.1,78.1,976.08,144.62,11.6,0.0,0.3,
2026-08-02,Sunday,9235.64,279,43.2,85.8,725.76,213.79,21.1,0.0,1.0,
2026-08-03,Monday,3548.31,107,27.4,33.0,460.32,129.5,16.6,0.0,0.7,
2026-08-04,Tuesday,5664.78,155,32.4,52.6,544.32,174.84,20.1,0.0,1.0,
2026-08-05,Wednesday,5414.02,163,36.7,50.3,616.56,147.52,24.5,6.1,0.81,
2026-08-06,Thursday,7218.02,209,38.0,67.1,638.4,189.95,22.2,0.0,0.36,
2026-08-07,Friday,9981.61,295,56.8,92.8,954.24,175.73,14.7,0.0,0.53,Kaasmarkt
2026-08-08,Saturday,9866.52,288,58.7,91.7,986.16,168.08,21.2,0.0,0.78,
2026-08-09,Sunday,6088.47,176,44.6,56.6,749.28,136.51,22.0,0.0,0.71,
2026-08-10,Monday,3983.77,110,30.1,37.0,505.68,132.35,15.9,0.0,1.0,
2026-08-11,Tuesday,4857.08,143,34.9,45.1,586.32,139.17,15.1,0.0,0.29,
2026-08-12,Wednesday,4732.65,161,38.3,44.0,643.44,123.57,17.8,0.0,1.0,
2026-08-13,Thursday,5906.9,171,39.1,54.9,656.88,151.07,12.9,0.0,0.44,
2026-08-14,Friday,9950.61,315,55.2,92.5,927.36,180.26,22.7,0.0,0.85,Kaasmarkt
2026-08-15,Saturday,5846.52,174,57.7,54.3,969.36,101.33,10.2,1.7,0.1,
2026-08-16,Sunday,5647.37,199,40.9,52.5,687.12,138.08,14.3,0.0,0.9,
2026-08-17,Monday,4039.0,120,27.5,37.5,462.0,146.87,16.9,0.0,0.73,
2026-08-18,Tuesday,3566.54,111,32.8,33.1,551.04,108.74,17.0,9.4,0.61,
2026-08-19,Wednesday,4824.5,150,35.9,44.8,603.12,134.39,18.2,3.1,0.72,
2026-08-20,Thursday,5646.33,175,40.2,52.5,675.36,140.46,18.4,0.0,1.0,
2026-08-21,Friday,7926.68,250,47.1,73.7,791.28,168.29,16.8,0.0,0.76,Kaasmarkt
2026-08-22,Saturday,8633.81,256,56.4,80.2,947.52,153.08,21.0,8.0,0.95,
2026-08-23,Sunday,3994.52,129,43.1,37.1,724.08,92.68,10.4,4.9,0.0,
2026-08-24,Monday,2266.76,79,27.1,21.1,455.28,83.64,17.2,0.0,0.58,
2026-08-25,Tuesday,4125.56,117,28.3,38.3,475.44,145.78,14.8,0.0,1.0,
2026-08-26,Wednesday,4350.21,121,34.7,40.4,582.96,125.37,17.4,4.3,0.21,
2026-08-27,Thursday,6092.96,150,33.9,56.6,569.52,179.73,17.6,0.0,1.0,
2026-08-28,Friday,7995.73,247,50.7,74.3,851.76,157.71,13.9,0.0,0.2,Kaasmarkt
2026-08-29,Saturday,7462.43,221,61.1,69.3,1026.48,122.13,14.7,0.6,0.9,
2026-08-30,Sunday,6430.56,191,45.8,59.8,769.44,140.41,19.2,0.0,0.61,
2026-08-31,Monday,4174.14,118,27.4,38.8,460.32,152.34,17.6,0.0,0.76,
